"1935435606","1600 Holloway Avenue, San Francisco, CA, ","Match","Exact","1600 HOLLOWAY AVE, SAN FRANCISCO, CA, 94132","-122.476136695574,37.720882820644","645282720","R"
"581867015","1010 Petaluma Boulevard North, Petaluma, CA, ","Match","Exact","1010 PETALUMA BLVD N, PETALUMA, CA, 94952","-122.644936947896,38.245849237379","639984183","L"
"228173384","900 Fairgrounds Drive, Vallejo, CA, ","Match","Exact","900 FAIRGROUNDS DR, VALLEJO, CA, 94589","-122.229341424684,38.132065452604","192571871","R"
"779020287","371 O'Connor Street, Menlo Park, CA, ","Match","Exact","371 OCONNOR ST, MENLO PARK, CA, 94025","-122.147466491242,37.460848984047","650315827","L"
"62283194","2401 Telegraph Avenue, Berkeley, CA, ","Match","Exact","2401 TELEGRAPH AVE, BERKELEY, CA, 94704","-122.258761928017,37.866886338849","124998404","L"
"1392713409","5327 Jacuzzi Street, Richmond, CA, ","Match","Exact","5327 JACUZZI ST, RICHMOND, CA, 94804","-122.309652649853,37.897956214428","192043677","R"
"515371631","850 Bordeaux Way, Napa, CA, ","No_Match"
"705503013","775 Valencia Street, San Francisco, CA, ","Match","Exact","775 VALENCIA ST, SAN FRANCISCO, CA, 94110","-122.421392996149,37.760526290314","192284289","L"
"1368465968","3629 Martin Luther King Jr Way, Oakland, CA, ","Match","Exact","3629 MARTIN LUTHER KING JR WAY, OAKLAND, CA, 94609","-122.269528891064,37.825688168485","124996264","L"
"2021730900","14831 Pierce Road, Saratoga, CA, ","Match","Exact","14831 PIERCE RD, SARATOGA, CA, 95070","-122.05654512921,37.253018812475","122942419","L"
"326664506","2130 Fulton Street, San Francisco, CA, ","Match","Exact","2130 FULTON ST, SAN FRANCISCO, CA, 94117","-122.451841472554,37.775173055607","192282219","R"
"1645166229","5653 San Pablo Avenue, Oakland, CA, ","No_Match"
"1885324526","13 Pacific Avenue, Rodeo, CA, ","Match","Exact","13 PACIFIC AVE, RODEO, CA, 94572","-122.270743485626,38.037353199268","192094412","L"
"1529826054","2800 Main Street, St. Helena, CA, ","Match","Exact","2800 MAIN ST, SAINT HELENA, CA, 94574","-122.484510086827,38.515550313385","637731867","R"
"1446728831","270 Rianda Street, Salinas, CA, ","Match","Exact","270 RIANDA ST, SALINAS, CA, 93901","-121.646039777925,36.675583211028","196823606","R"
"1077391929","2905 Shattuck Avenue, Berkeley, CA, ","Match","Exact","2905 SHATTUCK AVE, BERKELEY, CA, 94705","-122.266530345366,37.856180732391","605994569","L"
"1871216664","38 South Second Street, San Jose, CA, ","Match","Exact","38 S 2ND ST, SAN JOSE, CA, 95113","-121.888841474819,37.335874907011","122907853","L"
"1887679738","7000 Coliseum Way, Oakland, CA, ","Match","Exact","7000 COLISEUM WAY, OAKLAND, CA, 94621","-122.199096123504,37.752395188117","657861918","R"
"892740079","751 West San Carlos Street, San Jose, CA, ","Match","Exact","751 W SAN CARLOS ST, SAN JOSE, CA, 95126","-121.904895073437,37.323835974335","657459382","R"
"1135677119","30 North 3rd Street, San Jose, CA, ","Match","Exact","30 N 3RD ST, SAN JOSE, CA, 95112","-121.888740499088,37.337660455967","122907748","R"
"1190204401","712 Ocean Street, Santa Cruz, CA, ","Match","Exact","712 OCEAN ST, SANTA CRUZ, CA, 95060","-122.020804706968,36.978536426904","605971739","L"
"1902290222","1192 Market Street, San Francisco, CA, ","Match","Exact","1192 MARKET ST, SAN FRANCISCO, CA, 94102","-122.414685095476,37.778900345785","192287308","R"
"648572129","1 Taylor Street, San Francisco, CA, ","Match","Exact","1 TAYLOR ST, SAN FRANCISCO, CA, 94102","-122.410679013123,37.782422572722","640936077","L"
"1584639341","575 Ross Street, Santa Rosa, CA, ","Match","Exact","575 ROSS ST, SANTA ROSA, CA, 95401","-122.715718591686,38.441988966645","67469626","L"
"639052476","501 Mendocino Avenue, Santa Rosa, CA, ","Match","Exact","501 MENDOCINO AVE, SANTA ROSA, CA, 95401","-122.71534662924,38.442157744908","67469623","L"
"1121690827","1899 9th Street, Oakland, CA, ","Match","Exact","1899 9TH ST, OAKLAND, CA, 94607","-122.303255916071,37.81072704285","124995313","L"
"894079874","2523 Broadway, Oakland, CA, ","Match","Exact","2523 BROADWAY, OAKLAND, CA, 94612","-122.265104556731,37.814360101059","125000320","L"
"343961277","900 Marin Street, San Francisco, CA, ","Match","Exact","900 MARIN ST, SAN FRANCISCO, CA, 94124","-122.385567580416,37.749173882174","192294182","R"
"1333542935","420 14th Street, Oakland, CA, ","Match","Exact","420 14TH ST, OAKLAND, CA, 94612","-122.270212472902,37.804033479949","605991832","R"
"486753773","239 San Rafael Avenue, San Rafael, CA, ","Match","Exact","239 SAN RAFAEL AVE, SAN RAFAEL, CA, 94901","-122.535023511378,37.966003265131","192764442","L"
"357511832","1401 Macdonald Avenue, Richmond, CA, ","Match","Exact","1401 MACDONALD AVE, RICHMOND, CA, 94801","-122.356118353848,37.935764283664","192040593","L"
"1410720824","575 3rd Street, Napa, CA, ","Match","Exact","575 3RD ST, NAPA, CA, 94559","-122.27881462809,38.299024697019","67416251","L"
"50762562","708 Railroad Avenue, Winters, CA, ","Match","Exact","708 RAILROAD AVE, WINTERS, CA, 95694","-121.970898224206,38.525204934377","67695003","R"
"1180284286","703 Pacific Avenue, Santa Cruz, CA, ","Match","Exact","703 PACIFIC AVE, SANTA CRUZ, CA, 95060","-122.024722470042,36.968456978266","125506206","L"
"1602380134","100 South Sacramento Street, Lodi, CA, ","Match","Exact","100 S SACRAMENTO ST, LODI, CA, 95240","-121.272225724578,38.132867303247","133861685","L"
"1210289743","1317 San Pablo Avenue, Berkeley, CA, ","Match","Exact","1317 SAN PABLO AVE, BERKELEY, CA, 94702","-122.295610895134,37.880138062799","606830811","L"
"775368371","13650 Saratoga Avenue, Saratoga, CA, ","Match","Exact","13650 SARATOGA AVE, SARATOGA, CA, 95070","-122.016707335694,37.269840155196","122942916","L"
"1174541933","2 Pillar Point Harbor Boulevard, Half Moon Bay, CA, ","No_Match"
"549325977","1270 Sutter Street, San Francisco, CA, ","Match","Exact","1270 SUTTER ST, SAN FRANCISCO, CA, 94109","-122.421199768978,37.787676764565","640940131","R"
"485759302","1600 17th Street, San Francisco, CA, ","Match","Exact","1600 17TH ST, SAN FRANCISCO, CA, 94107","-122.399739725895,37.765008802541","192288225","R"
"1049518242","1557 Healdsburg Avenue, Healdsburg, CA, ","Match","Exact","1557 HEALDSBURG AVE, HEALDSBURG, CA, 95448","-122.873151403449,38.632497587642","658120670","L"
"698121015","988 Columbus Avenue, San Francisco, CA, ","Match","Exact","988 COLUMBUS AVE, SAN FRANCISCO, CA, 94133","-122.414667654927,37.803473620526","192280306","R"
"1072765563","905 Tennessee Street, Vallejo, CA, ","Match","Exact","905 TENNESSEE ST, VALLEJO, CA, 94590","-122.248096056524,38.109849675198","192527484","R"
"894444233","1 Garden Way, Woodacre, CA, ","Match","Exact","1 GARDEN WAY, WOODACRE, CA, 94973","-122.637505332106,38.006582560534","192759408","L"
"1168810431","200 Warm Springs Road, Kenwood, CA, ","Match","Exact","200 WARM SPRINGS RD, KENWOOD, CA, 95452","-122.548728722147,38.411879021075","67480163","R"
"181456851","890 Belle Avenue, San Rafael, CA, ","Match","Exact","890 BELLE AVE, SAN RAFAEL, CA, 94901","-122.519198638676,37.98015831333","192766884","R"
"2011645013","1233 Polk Street, San Francisco, CA, ","Match","Exact","1233 POLK ST, SAN FRANCISCO, CA, 94109","-122.420302819842,37.788318209033","192280150","L"
"1689618485","860 San Pablo Avenue, Albany, CA, ","Match","Exact","860 SAN PABLO AVE, ALBANY, CA, 94706","-122.299370602501,37.891029756383","124991978","R"
"1020462721","1220 Broadway, Oakland, CA, ","Match","Exact","1220 BROADWAY, OAKLAND, CA, 94612","-122.271850160386,37.803081321881","617284829","R"
"1655849135","1109 Valencia Street, San Francisco, CA, ","Match","Exact","1109 VALENCIA ST, SAN FRANCISCO, CA, 94110","-122.420874771495,37.755121555828","192284914","L"
"174354249","510 Embarcadero West, Oakland, CA, ","Match","Exact","510 EMBARCADERO W, OAKLAND, CA, 94607","-122.277072210567,37.795473274165","124997262","L"
"1583501852","180 Woz Way, San Jose, CA, ","No_Match"
"1229703691","98 South Almaden Avenue, San Jose, CA, ","Match","Exact","98 S ALMADEN AVE, SAN JOSE, CA, 95113","-121.89248541106,37.332834642111","122907837","L"
"1090707904","1268 McKinstry Street, Napa, CA, ","Match","Exact","1268 MCKINSTRY ST, NAPA, CA, 94559","-122.28380019028,38.303421600653","636410527","R"
"85503897","2647 Durant Avenue, Berkeley, CA, ","Match","Exact","2647 DURANT AVE, BERKELEY, CA, 94704","-122.255492446676,37.868338165954","638010820","L"
"1699183410","3920 Geary Boulevard, San Francisco, CA, ","Match","Exact","3920 GEARY BLVD, SAN FRANCISCO, CA, 94118","-122.461334462015,37.781274470069","192281892","R"
"881479351","429 Castro Street, San Francisco, CA, ","Match","Exact","429 CASTRO ST, SAN FRANCISCO, CA, 94114","-122.435043445198,37.762142938029","192283644","L"
"246147025","460 Capistrano Road, Half Moon Bay, CA, ","Match","Exact","460 CAPISTRANO RD, HALF MOON BAY, CA, 94019","-122.486058858083,37.504457455709","192370717","L"
"879738797","5891 San Pablo Avenue, Oakland, CA, ","Match","Exact","5891 SAN PABLO AVE, OAKLAND, CA, 94608","-122.283297272672,37.841094784212","124994517","L"
"797279152","2367 Telegraph Avenue, Berkeley, CA, ","Match","Exact","2367 TELEGRAPH AVE, BERKELEY, CA, 94704","-122.258856573654,37.867515389106","124998402","L"
"360529898","413 Haight Street, San Francisco, CA, ","Match","Exact","413 HAIGHT ST, SAN FRANCISCO, CA, 94117","-122.429044338385,37.772227090675","192284034","L"
"2073345895","663 South 9th Street, San Jose, CA, ","Match","Exact","663 S 9TH ST, SAN JOSE, CA, 95112","-121.874690837204,37.330151960907","122908826","R"
"968700038","428 3rd Street, San Francisco, CA, ","Match","Exact","428 3RD ST, SAN FRANCISCO, CA, 94107","-122.396943500402,37.782119381205","192294354","R"
"209865609","86 2nd Street, San Francisco, CA, ","Match","Exact","86 2ND ST, SAN FRANCISCO, CA, 94105","-122.400090793576,37.788158894663","192281558","R"
"851634690","295 Day Street, San Francisco, CA, ","Match","Exact","295 DAY ST, SAN FRANCISCO, CA, 94131","-122.428643904565,37.742716268563","192285129","L"
"645156289","2700 16th Street, San Francisco, CA, ","Match","Exact","2700 16TH ST, SAN FRANCISCO, CA, 94103","-122.413182779106,37.765500752447","642621513","R"
"76452734","226 Shoreline Highway, Mill Valley, CA, ","Match","Exact","226 SHORELINE HWY, MILL VALLEY, CA, 94941","-122.524638749785,37.881649788331","192769591","R"
"1996487210","2665 Mission Street, San Francisco, CA, ","Match","Exact","2665 MISSION ST, SAN FRANCISCO, CA, 94110","-122.418576872717,37.754413947991","192288306","L"
"697988159","1801 Green Street, San Francisco, CA, ","Match","Exact","1801 GREEN ST, SAN FRANCISCO, CA, 94123","-122.428785064283,37.796926337272","192279965","L"
"1697837308","222 Mason Street, San Francisco, CA, ","Match","Exact","222 MASON ST, SAN FRANCISCO, CA, 94102","-122.409474183455,37.785529692156","192280967","R"
"934031822","2271 S Vasco Road, Livermore, CA, ","Match","Exact","2271 S VASCO RD, LIVERMORE, CA, 94550","-121.719018223438,37.675829099936","635727199","R"
"1185666454","552 Haight Street, San Francisco, CA, ","Match","Exact","552 HAIGHT ST, SAN FRANCISCO, CA, 94117","-122.431320874884,37.772053172821","192284009","R"
"1241556794","15400 Montalvo Road, Saratoga, CA, ","No_Match"
"2145099318","3482 Loma Vista Avenue, Oakland, CA, ","Match","Exact","3482 LOMA VISTA AVE, OAKLAND, CA, 94619","-122.200296720476,37.791587466822","125004443","R"
"940678917","10 10th Street, Oakland, CA, ","Match","Exact","10 10TH ST, OAKLAND, CA, 94607","-122.261135465348,37.797038744967","657835209","R"
"915438229","316 11th Street, San Francisco, CA, ","Match","Exact","316 11TH ST, SAN FRANCISCO, CA, 94103","-122.413791542041,37.771594805064","192287494","R"
"1055458173","3349 23rd Street, San Francisco, CA, ","Match","Exact","3349 23RD ST, SAN FRANCISCO, CA, 94110","-122.419627196928,37.753717232979","192288309","L"
"1472125422","1 Castro Street, Forest Knolls, CA, ","No_Match"
"1891659404","2708 Channing Way, Berkeley, CA, ","Match","Exact","2708 CHANNING WAY, BERKELEY, CA, 94704","-122.25404167579,37.867478037758","124998544","R"
"1227581691","610 3rd Street, Santa Rosa, CA, ","Match","Exact","610 3RD ST, SANTA ROSA, CA, 95404","-122.713145614822,38.439696424767","647478441","R"
"1957795861","128 American Alley, Petaluma, CA, ","Match","Exact","128 AMERICAN ALY, PETALUMA, CA, 94952","-122.641068105196,38.234378921827","67523713","R"
"909463411","14540 Canyon 2 Road, Rio Nido, CA, ","No_Match"
"992774973","6275 Highway 9, Felton, CA, ","Match","Exact","6275 HWY 9, FELTON, CA, 95018","-122.073288465376,37.052650456746","125503416","L"
"1159871074","988 Market Street,, San Francisco, CA, ","Match","Exact","988 MARKET ST, SAN FRANCISCO, CA, 94102","-122.410224964564,37.782423351038","192293127","L"
"1711400117","1350 Third Street, Napa, CA, ","Match","Exact","1350 3RD ST, NAPA, CA, 94559","-122.287102898261,38.296469866664","67416984","R"
"1310486709","1 West Orange Avenue, South San Francisco, CA, ","Match","Exact","1 W ORANGE AVE, SOUTH SAN FRANCISCO, CA, 94080","-122.425766495471,37.653415093988","192372308","R"
"1190835917","1220 4th Street, Berkeley, CA, ","Match","Exact","1220 4TH ST, BERKELEY, CA, 94710","-122.304128898794,37.880442733011","124992769","R"
"413331686","190 Lenox Way, San Francisco, CA, ","Match","Exact","190 LENOX WAY, SAN FRANCISCO, CA, 94127","-122.466078417793,37.741202702878","192282747","R"
"1859422971","20990 Homestead Road, Cupertino, CA, ","Match","Non_Exact","20990 W HOMESTEAD RD, CUPERTINO, CA, 95014","-122.040196778111,37.337522724705","650284368","L"
"850321337","2600 Geneva Avenue, Daly City, CA, ","Match","Exact","2600 GENEVA AVE, DALY CITY, CA, 94014","-122.419178838506,37.708044534306","635979046","L"
"1274037551","2000 Kirker Pass Road, Concord, CA, ","Match","Exact","2000 KIRKER PASS RD, CONCORD, CA, 94521","-121.945919311906,37.959769665672","192110282","R"
"1206249551","435 Broadway, San Francisco, CA, ","Match","Exact","435 BROADWAY, SAN FRANCISCO, CA, 94133","-122.40444362758,37.798090343863","192281109","L"
"386050308","420 First Street, Santa Rosa, CA, ","Match","Exact","420 1ST ST, SANTA ROSA, CA, 95401","-122.715546254503,38.437090603371","67469774","R"
"733225744","2042 Mount Diablo Boulevard, Walnut Creek, CA, ","Match","Exact","2042 MT DIABLO BLVD, WALNUT CREEK, CA, 94596","-122.068495885293,37.897008841431","192050234","R"
"1386365370","1355 Bush Street, San Francisco, CA, ","Match","Exact","1355 BUSH ST, SAN FRANCISCO, CA, 94109","-122.41954686107,37.788738098005","192280654","L"
"1367690567","1 Old Rancheria Road, Nicasio, CA, ","Match","Exact","1 OLD RANCHERIA RD, NICASIO, CA, 94946","-122.698091868167,38.062155973399","192758453","L"
"1384743074","100 Larkin Street, San Francisco, CA, ","Match","Exact","100 LARKIN ST, SAN FRANCISCO, CA, 94102","-122.416519933386,37.77872365984","192298611","R"
"92252189","627 2nd Avenue, Crockett, CA, ","Match","Exact","627 2ND AVE, CROCKETT, CA, 94525","-122.22360389587,38.053587176123","192034610","L"
"1422247605","2232 Martin Luther King Jr. Way, Oakland, CA, ","Match","Exact","2232 MARTIN LUTHER KING JR WAY, OAKLAND, CA, 94612","-122.272768366792,37.812219218494","617285459","R"
"188686622","311 Broadway, Oakland, CA, ","Match","Exact","311 BROADWAY, OAKLAND, CA, 94607","-122.27599741529,37.79692285707","125079873","L"
"1960158119","27826 Mission Boulevard, Hayward, CA, ","Match","Exact","27826 MISSION BLVD, HAYWARD, CA, 94544","-122.058292330306,37.640432596561","125024103","L"
"1230421436","2 Theater Square, Orinda, CA, ","No_Match"
"1390493234","149 Peyton Street, Santa Cruz, CA, ","Match","Exact","149 PEYTON ST, SANTA CRUZ, CA, 95060","-122.036170949488,36.973418360807","125505547","L"
"487816665","1491 Hope Street, Alviso, CA, ","Match","Exact","1491 HOPE ST, ALVISO, CA, 95002","-121.9787761235,37.426337762846","123176341","R"
"902621698","915 Oakville Cross Road, Oakville, CA, ","No_Match"
"1381824618","525 West Santa Clara Street, San Jose, CA, ","Match","Exact","525 W SANTA CLARA ST, SAN JOSE, CA, 95113","-121.900521610054,37.332135159539","122907558","R"
"1558756676","500 4th Street, San Francisco, CA, ","Tie"
"973723977","155 South River Street, Santa Cruz, CA, ","Match","Exact","155 S RIVER ST, SANTA CRUZ, CA, 95060","-122.023967159028,36.975603319163","125506151","L"
"289243276","518 Valencia Street, San Francisco, CA, ","Match","Exact","518 VALENCIA ST, SAN FRANCISCO, CA, 94110","-122.421919826997,37.764509572368","652201032","R"
"562689079","518 South 11th Street, Richmond, CA, ","Match","Exact","518 S 11TH ST, RICHMOND, CA, 94804","-122.35900147097,37.924956800089","192040548","L"
"724689189","990 Valencia Street, San Francisco, CA, ","Match","Exact","990 VALENCIA ST, SAN FRANCISCO, CA, 94110","-122.42120654806,37.757068944863","192284898","R"
"1327146532","7495 Stage Road, San Gregorio, CA, ","Match","Exact","7495 STAGE RD, SAN GREGORIO, CA, 94074","-122.386481469712,37.326292918477","192383063","R"
"793956182","3223 Mission Street, San Francisco, CA, ","Match","Exact","3223 MISSION ST, SAN FRANCISCO, CA, 94110","-122.420100823284,37.745137007508","192288542","L"
"1393740940","2367 Shattuck Avenue, Berkeley, CA, ","Match","Exact","2367 SHATTUCK AVE, BERKELEY, CA, 94704","-122.267499500396,37.866306978009","606836761","L"
"2075126408","1435 Webster Street, Alameda, CA, ","Match","Exact","1435 WEBSTER ST, ALAMEDA, CA, 94501","-122.276961895497,37.772473738417","124997726","L"
"1243828408","3199 Fillmore Street, San Francisco, CA, ","Match","Exact","3199 FILLMORE ST, SAN FRANCISCO, CA, 94123","-122.435926181212,37.798886360294","192279522","L"
"504160766","444 Harrison Street, Oakland, CA, ","Match","Exact","444 HARRISON ST, OAKLAND, CA, 94607","-122.271757618002,37.796194279665","124997347","R"
"1817412579","395 South Van Ness Avenue, San Francisco, CA, ","Match","Exact","395 S VAN NESS AVE, SAN FRANCISCO, CA, 94103","-122.417584319966,37.766927192385","192287477","L"
"1406070469","4900 Marie P. DeBartolo Way, Santa Clara, CA, ","No_Match"
"1115904685","288 Golf Course Drive West, Rohnert Park, CA, ","No_Match"
"1925979067","3158 Mission Street, San Francisco, CA, ","Match","Exact","3158 MISSION ST, SAN FRANCISCO, CA, 94110","-122.419282109863,37.746652167491","192288541","R"
"824077350","135 West San Carlos Street, San Jose, CA, ","Match","Exact","135 W SAN CARLOS ST, SAN JOSE, CA, 95113","-121.889489873588,37.330454756494","638614207","L"
"134509849","1974 Shattuck Avenue, Berkeley, CA, ","Match","Exact","1974 SHATTUCK AVE, BERKELEY, CA, 94704","-122.268585998032,37.872532035163","606225603","R"
"1839724360","1220 Linda Mar Boulevard, Pacifica, CA, ","Match","Exact","1220 LINDA MAR BLVD, PACIFICA, CA, 94044","-122.487622854001,37.584931084845","192397203","R"
"337931090","3225 22nd Street, San Francisco, CA, ","Match","Exact","3225 22ND ST, SAN FRANCISCO, CA, 94110","-122.419424214937,37.755336264622","192288305","L"
"321104510","3901 Montgomery Drive, Santa Rosa, CA, ","Match","Exact","3901 MONTGOMERY DR, SANTA ROSA, CA, 95405","-122.672816742582,38.453820785292","67523627","L"
"655578766","175 Fairgrounds Drive, Petaluma, CA, ","Match","Non_Exact","175 FAIRGROUND DR, PETALUMA, CA, 94952","-122.63069904708,38.24168533727","639983969","L"
"681839466","634 San Anselmo Avenue, San Anselmo, CA, ","Match","Exact","634 SAN ANSELMO AVE, SAN ANSELMO, CA, 94960","-122.562583188539,37.975812968536","192763459","R"
"755151683","161 Erie Street, San Francisco, CA, ","Match","Exact","161 ERIE ST, SAN FRANCISCO, CA, 94103","-122.419579917855,37.769018504563","192302785","L"
"1557090037","406 Clement Street, San Francisco, CA, ","Match","Exact","406 CLEMENT ST, SAN FRANCISCO, CA, 94118","-122.464124504847,37.783011091128","192281866","R"
"564779164","3437 Haven Street, Oakland, CA, ","Match","Exact","3437 HAVEN ST, OAKLAND, CA, 94608","-122.283276721126,37.826414961526","124995730","L"
"1614652189","2781 24th Street, San Francisco, CA, ","Match","Exact","2781 24TH ST, SAN FRANCISCO, CA, 94110","-122.407972753093,37.752807790845","192288993","L"
"393699117","4251 MacArthur Boulevard, Oakland, CA, ","Match","Exact","4251 MACARTHUR BLVD, OAKLAND, CA, 94619","-122.195462898792,37.787870899688","606189597","R"
"1400383054","1314 Ocean Avenue, San Francisco, CA, ","Match","Exact","1314 OCEAN AVE, SAN FRANCISCO, CA, 94112","-122.45673453423,37.724104872915","192285816","R"
"365094640","420 40th Street, Oakland, CA, ","Match","Exact","420 40TH ST, OAKLAND, CA, 94609","-122.260672128536,37.828664534873","125000156","R"
"697962111","1025 Columbus Avenue, San Francisco, CA, ","Match","Exact","1025 COLUMBUS AVE, SAN FRANCISCO, CA, 94133","-122.415200167367,37.803690059148","192280300","L"
"60834384","425 Seventh Street, Santa Rosa, CA, ","Match","Exact","425 7TH ST, SANTA ROSA, CA, 95401","-122.718875598795,38.44157197288","619766557","L"
"896198252","620 South Norfolk Street, San Mateo, CA, ","Match","Exact","620 S NORFOLK ST, SAN MATEO, CA, 94401","-122.309035474613,37.570933847463","657620997","R"
"631577836","275 South Washington Street, Sonora, CA, ","Match","Exact","275 S WASHINGTON ST, SONORA, CA, 95370","-120.38194371835,37.981398265834","101373135","R"
"1123039647","2305 South White Road, San Jose, CA, ","Match","Exact","2305 S WHITE RD, SAN JOSE, CA, 95148","-121.803779934839,37.339035625991","122916767","R"
"1270795673","151 Third Street, San Francisco, CA, ","Match","Exact","151 3RD ST, SAN FRANCISCO, CA, 94103","-122.401702071331,37.786075751263","192281433","L"
"1657529229","577 5th Street, Oakland, CA, ","Match","Exact","577 5TH ST, OAKLAND, CA, 94607","-122.278406577181,37.799370951367","124997053","L"
"626006669","2512 Mission Street, San Francisco, CA, ","Match","Exact","2512 MISSION ST, SAN FRANCISCO, CA, 94110","-122.418950376479,37.756791867174","192288299","R"
"613737360","2601 Adeline Street, Oakland, CA, ","Match","Exact","2601 ADELINE ST, OAKLAND, CA, 94607","-122.282953266774,37.818800628282","124995969","L"
"1720239941","178 Leland Avenue, San Francisco, CA, ","Match","Exact","178 LELAND AVE, SAN FRANCISCO, CA, 94134","-122.406963503573,37.712504913807","192290738","R"
"855121402","19 Broadway, Fairfax, CA, ","Match","Exact","19 BROADWAY, FAIRFAX, CA, 94930","-122.587975211204,37.986926664526","192760420","L"
"474218142","2001 Gayley Road, Berkeley, CA, ","No_Match"
"139826169","1750 Sacramento Street, Berkeley, CA, ","Match","Exact","1750 SACRAMENTO ST, BERKELEY, CA, 94702","-122.28253444761,37.873954110336","647877287","R"
"31156335","511 48th Street, Oakland, CA, ","No_Match"
"1827901318","100 Gregory Lane, Pleasant Hill, CA, ","Match","Exact","100 GREGORY LN, PLEASANT HILL, CA, 94523","-122.062607922526,37.947882928441","192048433","L"
"700079780","229 Water Street, Petaluma, CA, ","Match","Exact","229 WATER ST, PETALUMA, CA, 94952","-122.640733514196,38.236434908758","653165480","R"
"405307007","375 11th Street, San Francisco, CA, ","Match","Exact","375 11TH ST, SAN FRANCISCO, CA, 94103","-122.412833407431,37.770993294316","192287494","L"
"826658255","998 Valencia Street, San Francisco, CA, ","Match","Exact","998 VALENCIA ST, SAN FRANCISCO, CA, 94110","-122.421195689505,37.756954822142","192284898","R"
"1296228040","650 Indiana Street, San Francisco, CA, ","Match","Exact","650 INDIANA ST, SAN FRANCISCO, CA, 94107","-122.39167011789,37.762215822353","192289614","R"
"598126717","6551 Telegraph Avenue, Oakland, CA, ","Match","Exact","6551 TELEGRAPH AVE, OAKLAND, CA, 94609","-122.26046928758,37.851556256378","124998707","L"
"170296881","1522 Francisco Boulevard, Pacifica, CA, ","Match","Exact","1522 FRANCISCO BLVD, PACIFICA, CA, 94044","-122.490382625855,37.638842690906","653160585","R"
"410740649","3464 19th Street, San Francisco, CA, ","Match","Exact","3464 19TH ST, SAN FRANCISCO, CA, 94110","-122.420803188432,37.760196670564","192284296","R"
"1433810567","3160 16th Street, San Francisco, CA, ","Match","Exact","3160 16TH ST, SAN FRANCISCO, CA, 94103","-122.423189805669,37.76489578596","192298308","R"
"183693907","230 Petaluma Avenue, Sebastopol, CA, ","Match","Exact","230 PETALUMA AVE, SEBASTOPOL, CA, 95472","-122.822692265478,38.401571959469","67465185","R"
"1852858383","924 Gilman Street; 912 Gilman Street, Berkeley, CA, ","Match","Non_Exact","924 GILMAN ST, BERKELEY, CA, 94710","-122.299616370933,37.8795980913","124992801","R"
"1016385760","1233 17th Street, San Francisco, CA, ","Match","Exact","1233 17TH ST, SAN FRANCISCO, CA, 94107","-122.396141240468,37.765111075919","192288261","L"
"45837167","204 Sycamore Valley Road West, Danville, CA, ","Match","Exact","204 SYCAMORE VALLEY RD W, DANVILLE, CA, 94526","-121.996829750827,37.811637944785","192110979","L"
"954167517","1150 25th Street, Building B, San Francisco, CA, ","Match","Non_Exact","1150 25TH ST, SAN FRANCISCO, CA, 94107","-122.39022030858,37.752748629903","192289770","R"
"1258312646","90 West Pozo Road, Santa Margarita, CA, ","Match","Exact","90 W POZO RD, SANTA MARGARITA, CA, 93453","-120.37747236961,35.30375439754","109797384","R"
"242508849","428 Waller Street, San Francisco, CA, ","Match","Exact","428 WALLER ST, SAN FRANCISCO, CA, 94117","-122.430772634794,37.771166658282","192284013","R"
"1765671950","221 Washington Street, Oakland, CA, ","Match","Exact","221 WASHINGTON ST, OAKLAND, CA, 94607","-122.277568237429,37.796733346709","617289084","L"
"1745359648","609 Sutter Street, 2nd Floor, San Francisco, CA, ","Match","Exact","609 SUTTER ST, SAN FRANCISCO, CA, 94102","-122.410419151168,37.788935173714","638035732","L"
"664752640","201 Van Ness Avenue, San Francisco, CA, ","No_Match"
"1697256819","3105 Shattuck Avenue, Berkeley, CA, ","Match","Exact","3105 SHATTUCK AVE, BERKELEY, CA, 94705","-122.266110000035,37.853030237314","606184764","L"
"401462974","180 Eureka Square, Pacifica, CA, ","Match","Non_Exact","180 EUREKA DR, PACIFICA, CA, 94044","-122.487963281838,37.63262584007","192369320","L"
"327602376","951 Valencia Street, San Francisco, CA, ","Match","Exact","951 VALENCIA ST, SAN FRANCISCO, CA, 94110","-122.421116308228,37.757648154292","192284898","L"
"1183655994","199 Valencia Street, San Francisco, CA, ","Match","Exact","199 VALENCIA ST, SAN FRANCISCO, CA, 94103","-122.422297986726,37.76992933419","192284179","R"
"31041890","155 Fell Street, San Francisco, CA, ","Match","Exact","155 FELL ST, SAN FRANCISCO, CA, 94102","-122.420408082814,37.776195407604","192287199","L"
"1927224070","476 1st Street East, Sonoma, CA, ","Match","Exact","476 1ST ST E, SONOMA, CA, 95476","-122.456590742976,38.292242370651","67481812","R"
"1199992168","224 Vintage Way, Novato, CA, ","Match","Exact","224 VINTAGE WAY, NOVATO, CA, 94945","-122.555295140338,38.089619556117","192778912","R"
"1498339130","3612 Webster Street, Oakland, CA, ","Match","Exact","3612 WEBSTER ST, OAKLAND, CA, 94609","-122.261964608509,37.823881138372","125000169","R"
"2063568438","1933 Davis Street, San Leandro, CA, ","Match","Exact","1933 DAVIS ST, SAN LEANDRO, CA, 94577","-122.180789053699,37.717977275271","125064453","L"
"2001321933","460 Lincoln Avenue, San Jose, CA, ","Match","Exact","460 LINCOLN AVE, SAN JOSE, CA, 95126","-121.908307544402,37.3200006316","122997726","L"
"945952968","344 12th Street, Oakland, CA, ","Match","Exact","344 12TH ST, OAKLAND, CA, 94607","-122.269599041289,37.802025412225","124997194","R"
"125036029","425 Mission Street, San Francisco, CA, ","Match","Exact","425 MISSION ST, SAN FRANCISCO, CA, 94105","-122.396881418579,37.790228852367","192281586","L"
"361387977","1339 North 1st Street, San Jose, CA, ","Tie"
"1762929864","2000 Denmark Street, Sonoma, CA, ","Match","Exact","2000 DENMARK ST, SONOMA, CA, 95476","-122.425213056919,38.274716124854","67482165","R"
"1648637995","99 Grove Street, San Francisco, CA, ","Match","Exact","99 GROVE ST, SAN FRANCISCO, CA, 94102","-122.418143886463,37.77844153349","192287238","L"
"2089821524","912 Gilman Street, Berkeley, CA, ","Match","Exact","912 GILMAN ST, BERKELEY, CA, 94710","-122.299918369779,37.879536595121","124992801","R"
"1838937815","1100 Valley House Drive, Rohnert Park, CA, ","Match","Exact","1100 VALLEY HOUSE DR, ROHNERT PARK, CA, 94928","-122.679259743383,38.321313229948","605008942","L"
"621911290","180 Camino Alto, Mill Valley, CA, ","Match","Exact","180 CAM ALTO, MILL VALLEY, CA, 94941","-122.529029237468,37.899311629036","192785723","R"
"631118593","1807 Telegraph Avenue, Oakland, CA, ","Match","Exact","1807 TELEGRAPH AVE, OAKLAND, CA, 94612","-122.27018246247,37.807744443274","606211250","L"
"390079947","3301 Lyon Street, San Francisco, CA, ","No_Match"
"234494996","50 Mark West Springs Road, Santa Rosa, CA, ","Match","Exact","50 MARK WEST SPRINGS RD, SANTA ROSA, CA, 95403","-122.750280229141,38.496414570516","67466731","L"
"598854079","29 Broadway Boulevard, Fairfax, CA, ","Match","Exact","29 BROADWAY BLVD, FAIRFAX, CA, 94930","-122.588399633625,37.986970156551","192760420","L"
"1389315022","2601 Mariposa Street, San Francisco, CA, ","Match","Exact","2601 MARIPOSA ST, SAN FRANCISCO, CA, 94110","-122.409346843247,37.763024575631","192287679","L"
"355618120","1824 West San Carlos Street, San Jose, CA, ","Match","Exact","1824 W SAN CARLOS ST, SAN JOSE, CA, 95128","-121.925730652066,37.32336270774","649533949","L"
"1917599447","447 South First Street, San Jose, CA, ","Match","Exact","447 S 1ST ST, SAN JOSE, CA, 95113","-121.885539186111,37.329312201893","122907971","R"
"1019665867","336 Georgia Street, Vallejo, CA, ","Match","Exact","336 GEORGIA ST, VALLEJO, CA, 94590","-122.257674326695,38.101188710931","192527343","L"
"2087584222","3645 San Pablo Avenue, Emeryville, CA, ","Match","Exact","3645 SAN PABLO AVE, EMERYVILLE, CA, 94608","-122.279047667933,37.827914543588","638128125","L"
"1584439587","2134 Olivet Road, Santa Rosa, CA, ","Match","Exact","2134 OLIVET RD, SANTA ROSA, CA, 95401","-122.816080737683,38.474022250775","636417667","R"
"1749114421","2005 Valley Avenue, Pleasanton, CA, ","No_Match"
"91824912","246 Kearny Street, San Francisco, CA, ","Match","Exact","246 KEARNY ST, SAN FRANCISCO, CA, 94108","-122.403892979749,37.790444514976","192281378","R"
"527022144","401 Mason Street, San Francisco, CA, ","Match","Exact","401 MASON ST, SAN FRANCISCO, CA, 94102","-122.409957091542,37.7871964701","192280960","L"
"250199871","302 12th Street, Oakland, CA, ","Match","Exact","302 12TH ST, OAKLAND, CA, 94607","-122.268585984287,37.801636010286","124997194","R"
"492088316","13740 Arnold Drive, Glen Ellen, CA, ","Match","Exact","13740 ARNOLD DR, GLEN ELLEN, CA, 95442","-122.525946979348,38.361865190035","67475747","R"
"1075478617","701 Amador Street, San Francisco, CA, ","Match","Exact","701 AMADOR ST, SAN FRANCISCO, CA, 94124","-122.379995593389,37.746010126662","641279088","R"
"1411317987","616 E Street, Union City, CA, ","Match","Exact","616 E ST, UNION CITY, CA, 94587","-122.021769649632,37.602235922289","125025978","L"
"1807239360","412 14th Street, Oakland, CA, ","Match","Exact","412 14TH ST, OAKLAND, CA, 94612","-122.270126900458,37.80400246301","605991832","R"
"1931690015","401 Van Ness Avenue, San Francisco, CA, ","Match","Exact","401 VAN NESS AVE, SAN FRANCISCO, CA, 94102","-122.420223828782,37.779153599806","192287162","L"
"280552261","1901 Broadway, Oakland, CA, ","Match","Exact","1901 BROADWAY, OAKLAND, CA, 94612","-122.26914510556,37.807871963612","606178831","L"
"679424983","40 John F Shelley Drive, San Francisco, CA, ","Match","Exact","40 JOHN F SHELLEY DR, SAN FRANCISCO, CA, 94112","-122.414907347127,37.720422359955","640993187","R"
"1168861476","508 Woodland Way, Santa Cruz, CA, ","Match","Exact","508 WOODLAND WAY, SANTA CRUZ, CA, 95060","-122.05256325576,36.953346655231","606063054","R"
"1917914969","2020 Addison Street, Berkeley, CA, ","Match","Exact","2020 ADDISON ST, BERKELEY, CA, 94704","-122.268349474621,37.871112513089","124994037","R"
"1730214750","950 Pomona Avenue, El Cerrito, CA, ","Match","Exact","950 POMONA AVE, EL CERRITO, CA, 94530","-122.300470862059,37.913042899783","655814195","R"
"192152317","10 Geary Street, San Francisco, CA, ","Match","Exact","10 GEARY ST, SAN FRANCISCO, CA, 94108","-122.403692317329,37.787995443976","192281416","R"
"1531618194","982 Market Street, San Francisco, CA, ","Match","Exact","982 MARKET ST, SAN FRANCISCO, CA, 94102","-122.41015455238,37.782478990674","192293127","L"
"1439874346","101 6th Street, San Francisco, CA, ","Match","Exact","101 6TH ST, SAN FRANCISCO, CA, 94103","-122.408606477203,37.780970728286","192287356","L"
"2124529002","333 Post Street, San Francisco, CA, ","Match","Exact","333 POST ST, SAN FRANCISCO, CA, 94108","-122.407316968991,37.78837201598","192281354","L"
"1740241181","240 Front Street, San Francisco, CA, ","Match","Exact","240 FRONT ST, SAN FRANCISCO, CA, 94111","-122.398834414147,37.793980387562","192281477","R"
"1979676890","525 San Anselmo Avenue, San Anselmo, CA, ","Match","Exact","525 SAN ANSELMO AVE, SAN ANSELMO, CA, 94960","-122.562588324518,37.974725478354","192763470","L"
"1372815670","923 Pacific Avenue, Santa Cruz, CA, ","Match","Exact","923 PACIFIC AVE, SANTA CRUZ, CA, 95060","-122.025180096427,36.970403915055","125506194","L"
"1299863522","3565 20th Street, San Francisco, CA, ","Match","Exact","3565 20TH ST, SAN FRANCISCO, CA, 94110","-122.420374385027,37.758495508354","192284896","L"
"1990731403","150 Frank H. Ogawa Plaza, Oakland, CA, ","No_Match"
"1915521169","600 Homer Avenue, Palo Alto, CA, ","Match","Exact","600 HOMER AVE, PALO ALTO, CA, 94301","-122.154168387954,37.447167310716","122950437","R"
"89816907","2200 Clement Street, San Francisco, CA, ","Match","Exact","2200 CLEMENT ST, SAN FRANCISCO, CA, 94121","-122.482811270075,37.782176169596","192277451","R"
"968714901","330 Virginia Street, Vallejo, CA, ","Match","Exact","330 VIRGINIA ST, VALLEJO, CA, 94590","-122.257742029415,38.102171129864","192527338","L"
"622407558","8240 Old Redwood Highway, Cotati, CA, ","Match","Exact","8240 OLD REDWOOD HWY, COTATI, CA, 94931","-122.7053254092,38.325551957776","639985894","L"
"1572399683","3901 Noriega Street, San Francisco, CA, ","Match","Exact","3901 NORIEGA ST, SAN FRANCISCO, CA, 94122","-122.505474306813,37.75290361954","192276949","L"
"1966034770","500 Divisadero Street, San Francisco, CA, ","Match","Exact","500 DIVISADERO ST, SAN FRANCISCO, CA, 94117","-122.437504763159,37.77413300402","192301588","R"
"1918643887","1900 Stenmark Drive, Richmond, CA, ","No_Match"
"1419356603","443 Broadway, San Francisco, CA, ","Match","Exact","443 BROADWAY, SAN FRANCISCO, CA, 94133","-122.404566144684,37.798074600291","192281109","L"
"1804000273","2650 Broadway, Redwood City, CA, ","Match","Exact","2650 BROADWAY, REDWOOD CITY, CA, 94063","-122.233990620425,37.486304397577","636760157","R"
"647735412","19 Corte Madera Avenue, Mill Valley, CA, ","Match","Exact","19 CORTE MADERA AVE, MILL VALLEY, CA, 94941","-122.548053060489,37.907145351445","192766331","L"
"1282095081","116 Clement Street, San Francisco, CA, ","Match","Exact","116 CLEMENT ST, SAN FRANCISCO, CA, 94118","-122.460364628524,37.783182971698","192281888","R"
"413979258","498 Broadway, San Francisco, CA, ","Match","Exact","498 BROADWAY, SAN FRANCISCO, CA, 94133","-122.405412947197,37.798082701558","192281197","R"
"653703997","838 Geary Street, San Francisco, CA, ","Match","Exact","838 GEARY ST, SAN FRANCISCO, CA, 94109","-122.417112164795,37.786283510488","639023006","R"
"1868963076","1 Jones Street, San Francisco, CA, ","Match","Exact","1 JONES ST, SAN FRANCISCO, CA, 94102","-122.412107698329,37.781183101376","642190673","L"
"1834523627","14808 East 14th Street, San Leandro, CA, ","Match","Exact","14808 E 14TH ST, SAN LEANDRO, CA, 94578","-122.132920401316,37.708460927491","125013579","L"
"1942328111","3124 Shattuck Avenue, Berkeley, CA, ","No_Match"
"60101400","301 Petaluma Boulevard North, Petaluma, CA, ","Match","Exact","301 PETALUMA BLVD N, PETALUMA, CA, 94952","-122.642327817977,38.237373713745","67477625","R"
"1719765223","1710 Mission Street, San Francisco, CA, ","Match","Exact","1710 MISSION ST, SAN FRANCISCO, CA, 94103","-122.420227471262,37.769732252001","652045196","R"
"1327740859","7948 Yosemite Boulevard, Modesto, CA, ","Match","Exact","7948 YOSEMITE BLVD, MODESTO, CA, 95357","-120.848666960274,37.638666827632","102593420","R"
"697893890","138 Fern Street, Santa Cruz, CA, ","Match","Exact","138 FERN ST, SANTA CRUZ, CA, 95060","-122.030831937749,36.985973173484","125505890","R"
"1908553417","853 Valencia Street, San Francisco, CA, ","Match","Exact","853 VALENCIA ST, SAN FRANCISCO, CA, 94110","-122.421271547425,37.759258470326","192284891","L"
"1885092734","924 Gilman Street, Berkeley, CA, ","Match","Exact","924 GILMAN ST, BERKELEY, CA, 94710","-122.299616370933,37.8795980913","124992801","R"
"756094939","3542 24th Street, San Francisco, CA, ","Match","Exact","3542 24TH ST, SAN FRANCISCO, CA, 94110","-122.42213950887,37.752072700829","192284958","R"
"568422652","10 Avenue of the Flags, San Rafael, CA, ","Match","Exact","10 AVE OF THE FLAGS, SAN RAFAEL, CA, 94903","-122.535261614316,38.00099277894","192762692","L"
"222096883","312 Harriet Street, San Francisco, CA, ","Match","Exact","312 HARRIET ST, SAN FRANCISCO, CA, 94103","-122.402887857225,37.775392595738","192295612","R"
"369795101","351 Railroad Avenue, Pittsburg, CA, ","Match","Exact","351 RAILROAD AVE, PITTSBURG, CA, 94565","-121.883372871052,38.032999842913","192060622","L"
"1515729640","99 6th Street, Santa Rosa, CA, ","Match","Exact","99 6TH ST, SANTA ROSA, CA, 95401","-122.721778426487,38.438781365755","67469537","L"
"1630275026","875 Bordeaux Way, Napa, CA, ","No_Match"
"873142532","2330 Telegraph Avenue, Oakland, CA, ","Match","Non_Exact","2330 TELEGRAPH, OAKLAND, CA, 94612","-122.268604568586,37.812979459521","633918456","R"
"988266275","25 North Street, Healdsburg, CA, ","Match","Exact","25 NORTH ST, HEALDSBURG, CA, 95448","-122.87174993551,38.611857728084","67462320","L"
"1899550573","99 Moraga Avenue, San Francisco, CA, ","No_Match"
"687835040","100 Gateway Boulevard, Orinda, CA, ","No_Match"
"804038598","2209 Broadway Street, Redwood City, CA, ","Match","Exact","2209 BROADWAY ST, REDWOOD CITY, CA, 94063","-122.229263313753,37.486411339638","192361148","L"
"1269742592","636 Jackson Street, San Francisco, CA, ","Match","Exact","636 JACKSON ST, SAN FRANCISCO, CA, 94133","-122.405802576157,37.796187459651","192281206","R"
"735156024","23 Maine Avenue, Richmond, CA, ","Match","Exact","23 MAINE AVE, RICHMOND, CA, 94804","-122.369080795532,37.928113404475","192094055","R"
"1120524281","1111 California Street, San Francisco, CA, ","Match","Exact","1111 CALIFORNIA ST, SAN FRANCISCO, CA, 94108","-122.412674305015,37.791541606528","192280877","L"
"283436496","351 Lasuen Street, Stanford, CA, ","Match","Exact","351 LASUEN ST, STANFORD, CA, 94305","-122.167260961312,37.430832956805","122949922","R"
"1810219236","601 Eddy Street, San Francisco, CA, ","Match","Exact","601 EDDY ST, SAN FRANCISCO, CA, 94109","-122.417612128061,37.783358462667","642621799","R"
"95939520","3137 Adeline Street, Oakland, CA, ","Match","Exact","3137 ADELINE ST, OAKLAND, CA, 94608","-122.281348086188,37.823264363215","124995804","L"
"1715701439","1 The Plaza, Sonoma, CA, ","Match","Exact","1 THE PLAZA, SONOMA, CA, 95476","-122.457777209327,38.292006463012","604980058","R"
"984695167","243 O'Farrell Street, San Francisco, CA, ","Match","Exact","243 OFARRELL ST, SAN FRANCISCO, CA, 94102","-122.408422685314,37.786303287244","192280974","L"
"595294036","1 Ferry Building, San Francisco, CA, ","No_Match"
"595196916","2230 Livingston Street, Oakland, CA, ","Match","Exact","2230 LIVINGSTON ST, OAKLAND, CA, 94606","-122.240005588595,37.780958728882","125005863","L"
"1034390208","600 Broadway, Vallejo, CA, ","Match","Non_Exact","600 BROADWAY ST, VALLEJO, CA, 94590","-122.248515303734,38.111989613043","192527439","R"
"1763173665","439 First Street, Benicia, CA, ","Match","Exact","439 1ST ST, BENICIA, CA, 94510","-122.160035560807,38.047905291113","192530735","L"
"1660756928","3022 Broadway, Oakland, CA, ","Match","Exact","3022 BROADWAY, OAKLAND, CA, 94611","-122.261884226977,37.819034130865","606810922","L"
"747832776","3334 Industrial Drive, Santa Rosa, CA, ","Match","Exact","3334 INDUSTRIAL DR, SANTA ROSA, CA, 95403","-122.740100346776,38.475620823856","651501184","R"
"735357859","3422 Mission Street, San Francisco, CA, ","Match","Exact","3422 MISSION ST, SAN FRANCISCO, CA, 94110","-122.422253518821,37.742060966039","192294067","R"
"1613700430","470 Parker Avenue, Rodeo, CA, ","Match","Exact","470 PARKER AVE, RODEO, CA, 94572","-122.267024566111,38.03250293765","192102949","R"
"664660939","3115 22nd Street, San Francisco, CA, ","Match","Exact","3115 22ND ST, SAN FRANCISCO, CA, 94110","-122.416935237283,37.755488286109","192288326","L"
"336166085","1129 Sebastopol Road, Santa Rosa, CA, ","Match","Exact","1129 SEBASTOPOL RD, SANTA ROSA, CA, 95407","-122.732794838657,38.428892553332","67468205","R"
"1186573856","540 South 1st Street, San Jose, CA, ","Match","Exact","540 S 1ST ST, SAN JOSE, CA, 95113","-121.884498723883,37.328120498168","122907997","L"
"1535527108","7650 Hawley Street, Oakland, CA, ","Match","Exact","7650 HAWLEY ST, OAKLAND, CA, 94621","-122.192483801536,37.752863085888","125008325","L"
"367044423","1229 Court Street, Martinez, CA, ","Match","Exact","1229 COURT ST, MARTINEZ, CA, 94553","-122.131408475242,38.015538759658","192035624","L"
"1172166010","1030 Main Street, Napa, CA, ","Match","Exact","1030 MAIN ST, NAPA, CA, 94559","-122.285627371965,38.29951933586","67432457","R"
"549865205","119 Utah Street, San Francisco, CA, ","Match","Exact","119 UTAH ST, SAN FRANCISCO, CA, 94103","-122.406700860525,37.768149357196","192288017","L"
"165412478","575 Third Street, Napa, CA, ","Match","Exact","575 3RD ST, NAPA, CA, 94559","-122.27881462809,38.299024697019","67416251","L"
"2078810884","1840 Haight Street, San Francisco, CA, ","Match","Exact","1840 HAIGHT ST, SAN FRANCISCO, CA, 94117","-122.452572767005,37.769346527237","192282333","R"
"168996922","875 Rincon Avenue, Livermore, CA, ","Match","Exact","875 RINCON AVE, LIVERMORE, CA, 94551","-121.783450372558,37.688112760195","125018445","L"
"1275253527","2025 Broadway, Oakland, CA, ","Match","Exact","2025 BROADWAY, OAKLAND, CA, 94612","-122.268199472972,37.809380433117","124997158","L"
"115632481","1231 9th Avenue, San Francisco, CA, ","Match","Exact","1231 9TH AVE, SAN FRANCISCO, CA, 94122","-122.466469990342,37.765300260627","640957151","R"
"1654049206","140 Second Street, Petaluma, CA, ","Match","Exact","140 2ND ST, PETALUMA, CA, 94952","-122.637208265407,38.233358580824","67477917","R"
"2113527323","2099 Folsom Street, San Francisco, CA, ","Match","Exact","2099 FOLSOM ST, SAN FRANCISCO, CA, 94110","-122.415088184187,37.763758418534","192287551","L"
"423857938","3101 Shattuck Avenue, Berkeley, CA, ","Match","Exact","3101 SHATTUCK AVE, BERKELEY, CA, 94705","-122.266112908577,37.853054397741","606184764","L"
"1572625358","1600 Atlas Peak Road, Napa, CA, ","Match","Exact","1600 ATLAS PEAK RD, NAPA, CA, 94558","-122.26730638746,38.348375208358","67414733","R"
"1902350253","1453 Webster Street, Alameda, CA, ","Match","Exact","1453 WEBSTER ST, ALAMEDA, CA, 94501","-122.276953096715,37.772687288628","124997726","L"
"500917824","100 Mesa Road, Bolinas, CA, ","Match","Exact","100 MESA RD, BOLINAS, CA, 94924","-122.701880503726,37.908886875425","192759059","L"
"1912559","206 Broadway, Oakland, CA, ","Match","Exact","206 BROADWAY, OAKLAND, CA, 94607","-122.276228258107,37.796097565618","606401987","R"
"1547203889","10341 San Pablo Avenue, El Cerrito, CA, ","Match","Exact","10341 SAN PABLO AVE, EL CERRITO, CA, 94530","-122.305721534919,37.90684602445","638367691","R"
"1517149099","1200 Athens Avenue, Lincoln, CA, ","Match","Exact","1200 ATHENS AVE, LINCOLN, CA, 95648","-121.311814936775,38.839061033477","106817549","L"
"2128628460","3130 24th Street, San Francisco, CA, ","Match","Exact","3130 24TH ST, SAN FRANCISCO, CA, 94110","-122.41475225872,37.752522983041","192288387","R"
"392447539","1214 Apollo Way, Sunnyvale, CA, ","Match","Exact","1214 APOLLO WAY, SUNNYVALE, CA, 94085","-121.99406523121,37.378663488132","122958009","R"
"210680279","995 Piner Road, Santa Rosa, CA, ","Match","Exact","995 PINER RD, SANTA ROSA, CA, 95403","-122.73795196413,38.47205832149","67467150","R"
"811075932","420 Mason Street, San Francisco, CA, ","Match","Exact","420 MASON ST, SAN FRANCISCO, CA, 94102","-122.409889773855,37.787595472252","192280958","R"
"78032630","9450 Highway 9, Ben Lomond, CA, ","Match","Exact","9450 HWY 9, BEN LOMOND, CA, 95005","-122.088746966849,37.0894015153","125502286","R"
"269944746","23 Petaluma Boulevard North, Petaluma, CA, ","Match","Exact","23 PETALUMA BLVD N, PETALUMA, CA, 94952","-122.639551016212,38.233439596844","67477668","R"
"1080825327","1011 Pacific Avenue, Santa Cruz, CA, ","Match","Exact","1011 PACIFIC AVE, SANTA CRUZ, CA, 95060","-122.025333170088,36.970996816235","125506191","L"
"321425008","398 12th Street, San Francisco, CA, ","Match","Exact","398 12TH ST, SAN FRANCISCO, CA, 94103","-122.413143704147,37.770027600855","192287568","R"
"1059439298","2501 Monarch Street, Alameda, CA, ","Match","Exact","2501 MONARCH ST, ALAMEDA, CA, 94501","-122.308522015075,37.785402715121","606124700","R"
"1732604937","319 Lexington Street, San Francisco, CA, ","Match","Exact","319 LEXINGTON ST, SAN FRANCISCO, CA, 94110","-122.420399932769,37.758220523551","192284895","L"
"872047208","201 Broadway, Oakland, CA, ","Match","Exact","201 BROADWAY, OAKLAND, CA, 94607","-122.27646587192,37.796161466789","617289082","L"
"1428948079","1346 Saratoga Drive, San Mateo, CA, ","No_Match"
"1485757142","1340 5th Street, Berkeley, CA, ","Match","Exact","1340 5TH ST, BERKELEY, CA, 94710","-122.302365587855,37.878340376299","124992782","R"
"2132930386","1970 Chestnut Street, Berkeley, CA, ","Match","Exact","1970 CHESTNUT ST, BERKELEY, CA, 94702","-122.288181191731,37.870072622362","655810782","R"
"217949417","24 Willie Mays Plaza, San Francisco, CA, ","Match","Exact","24 WILLIE MAYS PLZ, SAN FRANCISCO, CA, 94107","-122.389966230968,37.779309562926","192301759","L"
"2093769319","2036 University Avenue, Berkeley, CA, ","Match","Exact","2036 UNIVERSITY AVE, BERKELEY, CA, 94704","-122.270039250917,37.871851589022","124994022","R"
"2115869685","5000 Roberts Lake Road, Rohnert Park, CA, ","Match","Exact","5000 ROBERTS LAKE RD, ROHNERT PARK, CA, 94928","-122.711546706536,38.365365866759","623981364","L"
"1350182346","499 Embarcadero West, Oakland, CA, ","Match","Exact","499 EMBARCADERO W, OAKLAND, CA, 94607","-122.278061416778,37.795712733952","124997262","R"
"321779358","2328 San Pablo Avenue, Oakland, CA, ","Match","Exact","2328 SAN PABLO AVE, OAKLAND, CA, 94612","-122.274363977124,37.813891207511","124996461","R"
"623175657","358 Brannan Street, San Francisco, CA, ","Match","Exact","358 BRANNAN ST, SAN FRANCISCO, CA, 94107","-122.393458800332,37.780836051942","658051901","R"
"798787109","444 Jessie Street, San Francisco, CA, ","Match","Exact","444 JESSIE ST, SAN FRANCISCO, CA, 94103","-122.408447754093,37.782103513951","192287344","R"
"1391050710","10753 San Pablo Avenue, El Cerrito, CA, ","Match","Exact","10753 SAN PABLO AVE, EL CERRITO, CA, 94530","-122.30992763094,37.912976367487","638367481","R"
"1739693421","1 Amphitheatre Parkway, Mountain View, CA, ","Match","Exact","1 AMPHITHEATRE PKWY, MOUNTAIN VIEW, CA, 94043","-122.078069063645,37.423330351796","123000135","L"
"415372741","2424 Mariposa Street, San Francisco, CA, ","Match","Exact","2424 MARIPOSA ST, SAN FRANCISCO, CA, 94110","-122.407592318178,37.763226486355","192288078","R"
"1625417326","201 Octavia Boulevard, San Francisco, CA, ","Match","Non_Exact","201 OCTAVIA ST, SAN FRANCISCO, CA, 94102","-122.424139288628,37.773923340167","192283919","L"
"1896275571","1501 Harrison Street, Oakland, CA, ","Match","Exact","1501 HARRISON ST, OAKLAND, CA, 94612","-122.267052070491,37.803972684685","125000904","L"
"564335400","10 Cargo Way, San Francisco, CA, ","No_Match"
"1652761549","2948 16th Street, San Francisco, CA, ","Match","Exact","2948 16TH ST, SAN FRANCISCO, CA, 94103","-122.418512283085,37.765178501601","192287522","R"
"761666194","1200 Park Street, Alameda, CA, ","Match","Exact","1200 PARK ST, ALAMEDA, CA, 94501","-122.245483668765,37.760876436056","125005422","R"
"1253820046","400 South 1st Street, San Jose, CA, ","Match","Exact","400 S 1ST ST, SAN JOSE, CA, 95113","-121.885885276372,37.330002849829","122907971","L"
"1082111394","860 Willow Street,, San Jose, CA, ","Match","Exact","860 WILLOW ST, SAN JOSE, CA, 95125","-121.896731900386,37.310418848526","122909499","L"
"1241927296","1610 7th Street, Oakland, CA, ","Match","Exact","1610 7TH ST, OAKLAND, CA, 94607","-122.298447553947,37.806203470951","124995358","R"
"1367443519","22737 Main Street, Hayward, CA, ","Match","Exact","22737 MAIN ST, HAYWARD, CA, 94541","-122.081398598433,37.671359462216","638230717","R"
"779096257","120 5th Street, Santa Rosa, CA, ","Match","Exact","120 5TH ST, SANTA ROSA, CA, 95401","-122.720843571181,38.43814594567","67469597","R"
"1217383003","3273 South White Road, San Jose, CA, ","Match","Exact","3273 S WHITE RD, SAN JOSE, CA, 95148","-121.792078288718,37.314702196883","122917840","R"
"1829915689","1345 Bush Street, San Francisco, CA, ","Match","Exact","1345 BUSH ST, SAN FRANCISCO, CA, 94109","-122.419392991183,37.788757763313","192280654","L"
"794236492","4701 Great America Parkway, Santa Clara, CA, ","Match","Exact","4701 GREAT AMERICA PKWY, SANTA CLARA, CA, 95054","-121.976693250508,37.392501736281","614030981","R"
"1167496603","315 Montford Avenue, Mill Valley, CA, ","Match","Exact","315 MONTFORD AVE, MILL VALLEY, CA, 94941","-122.544191835325,37.896981187869","635481784","L"
"584051763","1630 J Street, Sacramento, CA, ","Match","Exact","1630 J ST, SACRAMENTO, CA, 95814","-121.484800572026,38.577942224304","133324182","R"
"1169427229","1035 22nd Avenue,, Oakland, CA, ","Match","Exact","1035 22ND AVE, OAKLAND, CA, 94606","-122.241056136576,37.781712305451","125005847","L"
"1815330766","1001 B Street, Hayward, CA, ","Match","Exact","1001 B ST, HAYWARD, CA, 94541","-122.08257278849,37.672853280739","125021198","R"
"1699354866","2700 Barbers Point Road, Alameda, CA, ","No_Match"
"748733908","1680 Washington Avenue, San Leandro, CA, ","Match","Exact","1680 WASHINGTON AVE, SAN LEANDRO, CA, 94577","-122.153856054129,37.72128922777","606216820","R"
"912425084","431 Georgia Street, Vallejo, CA, ","Match","Exact","431 GEORGIA ST, VALLEJO, CA, 94590","-122.256094536052,38.101054617828","192527370","R"
"1735735149","224 B Street, Petaluma, CA, ","Match","Exact","224 B ST, PETALUMA, CA, 94952","-122.638968188675,38.2338439126","67477672","R"
"1141446017","125 North Livermore Avenue, Livermore, CA, ","Match","Exact","125 N LIVERMORE AVE, LIVERMORE, CA, 94550","-121.769633210895,37.683750212348","125018653","L"
"854469226","825 Athens Avenue, Oakland, CA, ","Match","Exact","825 ATHENS AVE, OAKLAND, CA, 94607","-122.275887727669,37.815486938914","642189070","L"
"135789758","503 B Street, Point Reyes Station, CA, ","No_Match"
"188856204","17533 Santa Cruz Highway, Los Gatos, CA, ","Match","Exact","17533 SANTA CRUZ HWY, LOS GATOS, CA, 95033","-121.991016994734,37.206116810148","636428382","L"
"1488360326","4117 Judah Street, San Francisco, CA, ","Match","Exact","4117 JUDAH ST, SAN FRANCISCO, CA, 94122","-122.506147580236,37.760356967947","192276820","L"
"825183386","1015 Walnut Avenue, Vallejo, CA, ","Match","Exact","1015 WALNUT AVE, VALLEJO, CA, 94592","-122.272660862186,38.098646369748","192569207","R"
"1588350147","10550 Albion Road, San Ramon, CA, ","Match","Exact","10550 ALBION RD, SAN RAMON, CA, 94582","-121.903372004878,37.767369678822","647700611","L"
"1664632966","2790 Santa Rosa Avenue, Santa Rosa, CA, ","Match","Exact","2790 SANTA ROSA AVE, SANTA ROSA, CA, 95407","-122.713407544042,38.40921710533","67486632","L"
"1812657801","100 Ruins Court, American Canyon, CA, ","No_Match"
"75637003","2045 Mount Diablo Street, Concord, CA, ","Match","Exact","2045 MT DIABLO ST, CONCORD, CA, 94520","-122.035061536096,37.977833439564","192054501","L"
"1003407314","1940 Taraval Street, San Francisco, CA, ","Match","Exact","1940 TARAVAL ST, SAN FRANCISCO, CA, 94116","-122.486861214749,37.742616442605","192278014","R"
"1616660773","2400 Filbert Street, Oakland, CA, ","Match","Exact","2400 FILBERT ST, OAKLAND, CA, 94607","-122.280142348538,37.81648632194","124995991","R"
"1613108720","290 South 7th Street, San Jose, CA, ","Match","Exact","290 S 7TH ST, SAN JOSE, CA, 95112","-121.880157954217,37.333802058585","122908729","L"
"1950476525","544 Capp Street, San Francisco, CA, ","Match","Exact","544 CAPP ST, SAN FRANCISCO, CA, 94110","-122.417967992677,37.757970839275","192288301","R"
"798180248","1300 8th Street, Alameda, CA, ","No_Match"
"157991490","3117 16th Street, San Francisco, CA, ","Match","Exact","3117 16TH ST, SAN FRANCISCO, CA, 94103","-122.422299035317,37.764834527446","640405642","L"
"1550837691","2174 Market Street, San Francisco, CA, ","Match","Exact","2174 MARKET ST, SAN FRANCISCO, CA, 94114","-122.43045531314,37.766479382901","192284057","R"
"545895587","2925 Woodside Road, Woodside, CA, ","Match","Exact","2925 WOODSIDE RD, WOODSIDE, CA, 94062","-122.249885553663,37.429234504879","657640705","L"
"815443139","350 Georgia Street, Vallejo, CA, ","Match","Exact","350 GEORGIA ST, VALLEJO, CA, 94590","-122.257457404358,38.101186104962","192527343","L"
"1125299906","1601 Fillmore Street, San Francisco, CA, ","Match","Exact","1601 FILLMORE ST, SAN FRANCISCO, CA, 94115","-122.433010470719,37.784462038349","192298598","L"
"1082531611","400 Eddy Street, San Francisco, CA, ","Match","Exact","400 EDDY ST, SAN FRANCISCO, CA, 94109","-122.414324932935,37.783771601244","655805988","R"
"1850130272","846 Front Street, Santa Cruz, CA, ","Match","Exact","846 FRONT ST, SANTA CRUZ, CA, 95060","-122.026172049625,36.976138677123","125506106","R"
"1237996847","1015 Folsom Street, San Francisco, CA, ","Match","Exact","1015 FOLSOM ST, SAN FRANCISCO, CA, 94103","-122.405804196407,37.778274364706","192287771","L"
"700307194","5716 Genoa Street, Oakland, CA, ","Match","Exact","5716 GENOA ST, OAKLAND, CA, 94608","-122.272212407997,37.842104388741","124995017","R"
"978018774","1169 Valencia Street, San Francisco, CA, ","Match","Exact","1169 VALENCIA ST, SAN FRANCISCO, CA, 94110","-122.420788362683,37.754216810576","192284914","L"
"2001765841","41 Wharf Road, Bolinas, CA, ","Match","Exact","41 WHARF RD, BOLINAS, CA, 94924","-122.685468088186,37.909829650954","192759158","L"
"135768954","1134 Soquel Avenue, Santa Cruz, CA, ","Match","Exact","1134 SOQUEL AVE, SANTA CRUZ, CA, 95062","-122.010883379977,36.979569530458","125506876","R"
"2124628181","43737 Boscell Road, Fremont, CA, ","Match","Exact","43737 BOSCELL RD, FREMONT, CA, 94538","-121.973713650584,37.501169337925","606341458","R"
"1217828948","2635 San Pablo Avenue, Oakland, CA, ","Match","Exact","2635 SAN PABLO AVE, OAKLAND, CA, 94612","-122.275717988733,37.817675361589","617284800","L"
"1375571612","201 Washington Street, Petaluma, CA, ","Match","Exact","201 WASHINGTON ST, PETALUMA, CA, 94952","-122.643009043718,38.235083010596","67477635","L"
"884606152","1225 Folsom Street, San Francisco, CA, ","Match","Exact","1225 FOLSOM ST, SAN FRANCISCO, CA, 94103","-122.410416746039,37.77463132306","192294088","L"
"216332997","3800 Mill Road, Paso Robles, CA, ","Match","Exact","3800 MILL RD, PASO ROBLES, CA, 93446","-120.629729439545,35.644818548743","635488772","L"
"281407589","31 East Santa Clara Street, San Jose, CA, ","Match","Exact","31 E SANTA CLARA ST, SAN JOSE, CA, 95113","-121.890075119815,37.336468082807","122907850","L"
"405754367","20 Pimentel Court, Novato, CA, ","Match","Exact","20 PIMENTEL CT, NOVATO, CA, 94949","-122.5359915258,38.074193029376","192761466","R"
"1255375338","1658 12th Street, Oakland, CA, ","Match","Exact","1658 12TH ST, OAKLAND, CA, 94607","-122.296605552261,37.810787563935","125080427","L"
"367184186","8790 La Honda Road, La Honda, CA, ","Match","Exact","8790 LA HONDA RD, LA HONDA, CA, 94020","-122.274770698162,37.316791665332","656265218","R"
"1539515319","327 Lasuen Street, Stanford, CA, ","Match","Exact","327 LASUEN ST, STANFORD, CA, 94305","-122.167234953901,37.430918330058","122949922","R"
"556515310","1304 Lincoln Avenue, Alameda, CA, ","Match","Exact","1304 LINCOLN AVE, ALAMEDA, CA, 94501","-122.2631902164,37.774657233568","125005022","R"
"86221432","119 Madrone Street, Santa Cruz, CA, ","Match","Exact","119 MADRONE ST, SANTA CRUZ, CA, 95060","-122.030389187284,36.982691145043","125505956","L"
"971270129","1601 Civic Drive, Walnut Creek, CA, ","Match","Exact","1601 CIVIC DR, WALNUT CREEK, CA, 94596","-122.063061041449,37.901263567762","192050128","L"
"678550912","28 South 7th Street, San Jose, CA, ","Match","Exact","28 S 7TH ST, SAN JOSE, CA, 95112","-121.883619958371,37.338537567605","652204805","L"
"2042019123","150 Felker Street,, Santa Cruz, CA, ","Match","Exact","150 FELKER ST, SANTA CRUZ, CA, 95060","-122.025261710153,36.985040946658","125505971","R"
"1274279930","1035 Texas Street, Fairfield, CA, ","Match","Exact","1035 TEXAS ST, FAIRFIELD, CA, 94533","-122.046370696771,38.249175695693","192536864","L"
"379445320","555 Waverley Street, Palo Alto, CA, ","Match","Exact","555 WAVERLEY ST, PALO ALTO, CA, 94301","-122.159489704603,37.446601498661","640731876","L"
"450920379","3278 Adeline Street, Berkeley, CA, ","Match","Exact","3278 ADELINE ST, BERKELEY, CA, 94703","-122.271311617937,37.849525000254","617282806","R"
"1136597428","1805 Geary Boulevard, San Francisco, CA, ","Match","Exact","1805 GEARY BLVD, SAN FRANCISCO, CA, 94115","-122.43307057227,37.784219812427","192301546","L"
"1796106085","11201 Highway 1, Point Reyes Station, CA, ","Match","Exact","11201 STATE RTE 1, POINT REYES STATION, CA, 94956","-122.805432742267,38.067590194595","192755335","L"
"1937523578","3359 26th Street, San Francisco, CA, ","Match","Exact","3359 26TH ST, SAN FRANCISCO, CA, 94110","-122.417230844755,37.749038310304","192288372","L"
"864185171","140 Encinal Street, Santa Cruz, CA, ","Match","Exact","140 ENCINAL ST, SANTA CRUZ, CA, 95060","-122.031012388703,36.986675496148","125505888","R"
"513710571","2169 Mission Street, San Francisco, CA, ","Match","Exact","2169 MISSION ST, SAN FRANCISCO, CA, 94110","-122.419330511111,37.762292023683","192287530","L"
"72150299","344 12th Street, above Tay Ho, Oakland, CA, ","Match","Non_Exact","344 12TH ST, OAKLAND, CA, 94607","-122.269599041289,37.802025412225","124997194","R"
"1147256587","101 Paseo de San Antonio, San Jose, CA, ","Tie"
"112130441","949 El Camino Real, Menlo Park, CA, ","Match","Exact","949 EL CAMINO REAL, MENLO PARK, CA, 94025","-122.18124973135,37.452564717811","635506960","L"
"1327234872","1337 Grant Avenue, San Francisco, CA, ","Match","Exact","1337 GRANT AVE, SAN FRANCISCO, CA, 94133","-122.40735008449,37.799122806626","192280535","L"
"1682611483","496 14th Street, San Francisco, CA, ","Match","Exact","496 14TH ST, SAN FRANCISCO, CA, 94103","-122.424259919364,37.768073000346","192284199","R"
"740798689","100 Yacht Club Drive, San Rafael, CA, ","Match","Exact","100 YACHT CLUB DR, SAN RAFAEL, CA, 94901","-122.517090675791,37.96694998304","192767057","R"
"1733030352","1736 Franklin Street, Oakland, CA, ","Match","Exact","1736 FRANKLIN ST, OAKLAND, CA, 94612","-122.268310964306,37.806385781499","124997165","R"
"374820780","215 East 4th Avenue, San Mateo, CA, ","Match","Exact","215 E 4TH AVE, SAN MATEO, CA, 94401","-122.322223264531,37.564361337791","192377977","L"
"2046948382","6210 Bethel Island Road, Bethel Island, CA, ","Match","Exact","6210 BETHEL ISLAND RD, BETHEL ISLAND, CA, 94511","-121.640509603793,38.015307254476","192033160","R"
"816267139","625 Nelson Road, Stanford, CA, ","Match","Exact","625 NELSON RD, STANFORD, CA, 94305","-122.158589392486,37.432873875969","122955980","R"
"1090061775","401 2nd Street, Oakland, CA, ","Match","Exact","401 2ND ST, OAKLAND, CA, 94607","-122.275243572166,37.795539116567","606211208","L"
"1041309861","15000 Sonoma Highway, Glen Ellen, CA, ","No_Match"
"1769347402","326 Brannan Street, San Francisco, CA, ","Match","Exact","326 BRANNAN ST, SAN FRANCISCO, CA, 94107","-122.392754870075,37.781391943017","192289457","R"
"418122002","806 South Van Ness Avenue, San Francisco, CA, ","Match","Exact","806 S VAN NESS AVE, SAN FRANCISCO, CA, 94110","-122.417084040135,37.760214361279","192287545","R"
"598804186","916 Grant Avenue, San Francisco, CA, ","Match","Exact","916 GRANT AVE, SAN FRANCISCO, CA, 94108","-122.406448446376,37.79537484987","652198256","R"
"122639215","307 Church Street, Santa Cruz, CA, ","Match","Exact","307 CHURCH ST, SANTA CRUZ, CA, 95060","-122.028962695895,36.974042820417","125506114","L"
"1958317139","401A Georgia Street, Vallejo, CA, ","Match","Non_Exact","401A GEORGIA ST, VALLEJO, CA, 94590","-122.256570378139,38.101060776455","192527370","R"
"2141325231","1205 Soquel Avenue, Santa Cruz, CA, ","Match","Exact","1205 SOQUEL AVE, SANTA CRUZ, CA, 95062","-122.010248170175,36.980012328531","125506880","L"
"1215370269","1010 South Wolfe Road, Sunnyvale, CA, ","Match","Exact","1010 S WOLFE RD, SUNNYVALE, CA, 94086","-122.01397642944,37.355673861309","648951846","L"
"427667661","1695 Polk Street, San Francisco, CA, ","Match","Exact","1695 POLK ST, SAN FRANCISCO, CA, 94109","-122.42110671746,37.792285764706","192280101","L"
"1065848862","2271 Shattuck Avenue, Berkeley, CA, ","Match","Exact","2271 SHATTUCK AVE, BERKELEY, CA, 94704","-122.267696238509,37.868019320854","606160546","L"
"1791753994","445 Geary Street, San Francisco, CA, ","Match","Exact","445 GEARY ST, SAN FRANCISCO, CA, 94102","-122.410606964826,37.786997683102","639024006","L"
"680116887","777 Valencia Street, San Francisco, CA, ","Match","Exact","777 VALENCIA ST, SAN FRANCISCO, CA, 94110","-122.421390097267,37.760495968765","192284289","L"
"442432003","1743 San Pablo Avenue, Oakland, CA, ","Match","Exact","1743 SAN PABLO AVE, OAKLAND, CA, 94612","-122.272483717004,37.807465680204","124997121","L"
"358459691","1984 Bonita Avenue, Berkeley, CA, ","Match","Exact","1984 BONITA AVE, BERKELEY, CA, 94704","-122.271993837869,37.871928033184","124994001","R"
"745745800","1509 Solano Avenue, Vallejo, CA, ","Match","Exact","1509 SOLANO AVE, VALLEJO, CA, 94590","-122.23895334997,38.101410807917","192528175","R"
"478586995","8201 Old Redwood Highway, Cotati, CA, ","Match","Exact","8201 OLD REDWOOD HWY, COTATI, CA, 94931","-122.705951216042,38.326049529282","639985894","R"
"735578676","1000 El Camino Real, Atherton, CA, ","No_Match"
"1187935127","2317 Central Avenue, Alameda, CA, ","Match","Exact","2317 CENTRAL AVE, ALAMEDA, CA, 94501","-122.243867186347,37.764739889197","647862402","L"
"1220592213","950 Geary Street, San Francisco, CA, ","Match","Exact","950 GEARY ST, SAN FRANCISCO, CA, 94109","-122.418940300118,37.786051657893","192280683","R"
"2031130888","2272 Telegraph Avenue, Oakland, CA, ","Match","Non_Exact","2272 TELEGRAPH, OAKLAND, CA, 94612","-122.268762127203,37.812341380297","617285184","R"
"826017948","201 Franklin Street, San Francisco, CA, ","Tie"
"624684535","24176 Mission Boulevard, Hayward, CA, ","Match","Exact","24176 MISSION BLVD, HAYWARD, CA, 94544","-122.077775030749,37.665303172","639038280","L"
"515101024","628 Divisadero Street, San Francisco, CA, ","Match","Exact","628 DIVISADERO ST, SAN FRANCISCO, CA, 94117","-122.437728565617,37.775299894448","192301589","R"
"1710454576","995 Market Street, 6th Floor, San Francisco, CA, ","Match","Exact","995 MARKET ST, SAN FRANCISCO, CA, 94103","-122.409913784186,37.782390755671","192301666","L"
"1806612737","1232 Grant Avenue, San Francisco, CA, ","Match","Exact","1232 GRANT AVE, SAN FRANCISCO, CA, 94133","-122.407088691755,37.798555520505","192281044","R"
"44015086","14455 Highway 16, Brooks, CA, ","Match","Exact","14455 STATE RTE 16, BROOKS, CA, 95606","-122.143178784469,38.732399803503","635825705","L"
"2137851775","1928 Telegraph Avenue, Oakland, CA, ","Match","Non_Exact","1928 TELEGRAPH, OAKLAND, CA, 94612","-122.269752422752,37.808381133534","635911513","L"
"1002839764","1535 Commercial Way, Santa Cruz, CA, ","Match","Exact","1535 COMMERCIAL WAY, SANTA CRUZ, CA, 95065","-121.983166909175,36.98741531191","657198603","L"
"1524469680","1280 North McDowell Boulevard, Petaluma, CA, ","Match","Exact","1280 N MCDOWELL BLVD, PETALUMA, CA, 94954","-122.662660435825,38.271543101084","67476240","L"
"1663255521","2112 North Main Street, Walnut Creek, CA, ","Match","Exact","2112 N MAIN ST, WALNUT CREEK, CA, 94596","-122.064909873828,37.908519540647","636424852","R"
"552601815","19950 Wright Drive, Los Gatos, CA, ","Tie"
"2133080253","1300 Van Ness Avenue, San Francisco, CA, ","Match","Exact","1300 VAN NESS AVE, SAN FRANCISCO, CA, 94109","-122.421640147566,37.787837500572","192301600","R"
"1187845636","3425 Balboa Street, San Francisco, CA, ","Match","Exact","3425 BALBOA ST, SAN FRANCISCO, CA, 94121","-122.495473263674,37.775742118958","192277230","L"
"112600851","567 5th Street, Oakland, CA, ","Match","Exact","567 5TH ST, OAKLAND, CA, 94607","-122.278299392218,37.799327612885","124997053","L"
"463728167","859 O'Farrell Street, San Francisco, CA, ","Match","Exact","859 OFARRELL ST, SAN FRANCISCO, CA, 94109","-122.41885120247,37.784989557153","192287140","L"
