"365094640","420 40th Street","Oakland","CA",""
"639052476","501 Mendocino Avenue","Santa Rosa","CA",""
"89816907","2200 Clement Street","San Francisco","CA",""
"1535527108","7650 Hawley Street","Oakland","CA",""
"1749114421","2005 Valley Avenue","Pleasanton","CA",""
"379445320","555 Waverley Street","Palo Alto","CA",""
"934031822","2271 S Vasco Road","Livermore","CA",""
"826658255","998 Valencia Street","San Francisco","CA",""
"1908553417","853 Valencia Street","San Francisco","CA",""
"1515729640","99 6th Street","Santa Rosa","CA",""
"1077391929","2905 Shattuck Avenue","Berkeley","CA",""
"1210289743","1317 San Pablo Avenue","Berkeley","CA",""
"915438229","316 11th Street","San Francisco","CA",""
"811075932","420 Mason Street","San Francisco","CA",""
"1834523627","14808 East 14th Street","San Leandro","CA",""
"280552261","1901 Broadway","Oakland","CA",""
"418122002","806 South Van Ness Avenue","San Francisco","CA",""
"697962111","1025 Columbus Avenue","San Francisco","CA",""
"1815330766","1001 B Street","Hayward","CA",""
"1082531611","400 Eddy Street","San Francisco","CA",""
"1372815670","923 Pacific Avenue","Santa Cruz","CA",""
"515371631","850 Bordeaux Way","Napa","CA",""
"1125299906","1601 Fillmore Street","San Francisco","CA",""
"1016385760","1233 17th Street","San Francisco","CA",""
"1041309861","15000 Sonoma Highway","Glen Ellen","CA",""
"1719765223","1710 Mission Street","San Francisco","CA",""
"735156024","23 Maine Avenue","Richmond","CA",""
"44015086","14455 Highway 16","Brooks","CA",""
"1296228040","650 Indiana Street","San Francisco","CA",""
"1550837691","2174 Market Street","San Francisco","CA",""
"1229703691","98 South Almaden Avenue","San Jose","CA",""
"1020462721","1220 Broadway","Oakland","CA",""
"680116887","777 Valencia Street","San Francisco","CA",""
"1529826054","2800 Main Street","St. Helena","CA",""
"824077350","135 West San Carlos Street","San Jose","CA",""
"1172166010","1030 Main Street","Napa","CA",""
"1648637995","99 Grove Street","San Francisco","CA",""
"135768954","1134 Soquel Avenue","Santa Cruz","CA",""
"2137851775","1928 Telegraph Avenue","Oakland","CA",""
"1333542935","420 14th Street","Oakland","CA",""
"1393740940","2367 Shattuck Avenue","Berkeley","CA",""
"850321337","2600 Geneva Avenue","Daly City","CA",""
"705503013","775 Valencia Street","San Francisco","CA",""
"664752640","201 Van Ness Avenue","San Francisco","CA",""
"1227581691","610 3rd Street","Santa Rosa","CA",""
"884606152","1225 Folsom Street","San Francisco","CA",""
"405307007","375 11th Street","San Francisco","CA",""
"321425008","398 12th Street","San Francisco","CA",""
"1220592213","950 Geary Street","San Francisco","CA",""
"645156289","2700 16th Street","San Francisco","CA",""
"1925979067","3158 Mission Street","San Francisco","CA",""
"188686622","311 Broadway","Oakland","CA",""
"1368465968","3629 Martin Luther King Jr Way","Oakland","CA",""
"968714901","330 Virginia Street","Vallejo","CA",""
"1613108720","290 South 7th Street","San Jose","CA",""
"1059439298","2501 Monarch Street","Alameda","CA",""
"613737360","2601 Adeline Street","Oakland","CA",""
"992774973","6275 Highway 9","Felton","CA",""
"1136597428","1805 Geary Boulevard","San Francisco","CA",""
"1902350253","1453 Webster Street","Alameda","CA",""
"556515310","1304 Lincoln Avenue","Alameda","CA",""
"631118593","1807 Telegraph Avenue","Oakland","CA",""
"1917914969","2020 Addison Street","Berkeley","CA",""
"283436496","351 Lasuen Street","Stanford","CA",""
"1885092734","924 Gilman Street","Berkeley","CA",""
"1807239360","412 14th Street","Oakland","CA",""
"1996487210","2665 Mission Street","San Francisco","CA",""
"794236492","4701 Great America Parkway","Santa Clara","CA",""
"463728167","859 O'Farrell Street","San Francisco","CA",""
"549865205","119 Utah Street","San Francisco","CA",""
"1115904685","288 Golf Course Drive West","Rohnert Park","CA",""
"112130441","949 El Camino Real","Menlo Park","CA",""
"1762929864","2000 Denmark Street","Sonoma","CA",""
"78032630","9450 Highway 9","Ben Lomond","CA",""
"1931690015","401 Van Ness Avenue","San Francisco","CA",""
"1859422971","20990 Homestead Road","Cupertino","CA",""
"1488360326","4117 Judah Street","San Francisco","CA",""
"1558756676","500 4th Street","San Francisco","CA",""
"515101024","628 Divisadero Street","San Francisco","CA",""
"504160766","444 Harrison Street","Oakland","CA",""
"1689618485","860 San Pablo Avenue","Albany","CA",""
"1935435606","1600 Holloway Avenue","San Francisco","CA",""
"679424983","40 John F Shelley Drive","San Francisco","CA",""
"984695167","243 O'Farrell Street","San Francisco","CA",""
"281407589","31 East Santa Clara Street","San Jose","CA",""
"1190204401","712 Ocean Street","Santa Cruz","CA",""
"1433810567","3160 16th Street","San Francisco","CA",""
"793956182","3223 Mission Street","San Francisco","CA",""
"1652761549","2948 16th Street","San Francisco","CA",""
"1524469680","1280 North McDowell Boulevard","Petaluma","CA",""
"2031130888","2272 Telegraph Avenue","Oakland","CA",""
"598804186","916 Grant Avenue","San Francisco","CA",""
"1391050710","10753 San Pablo Avenue","El Cerrito","CA",""
"401462974","180 Eureka Square","Pacifica","CA",""
"698121015","988 Columbus Avenue","San Francisco","CA",""
"250199871","302 12th Street","Oakland","CA",""
"234494996","50 Mark West Springs Road","Santa Rosa","CA",""
"1966034770","500 Divisadero Street","San Francisco","CA",""
"337931090","3225 22nd Street","San Francisco","CA",""
"1120524281","1111 California Street","San Francisco","CA",""
"954167517","1150 25th Street, Building B","San Francisco","CA",""
"1090061775","401 2nd Street","Oakland","CA",""
"1630275026","875 Bordeaux Way","Napa","CA",""
"798787109","444 Jessie Street","San Francisco","CA",""
"343961277","900 Marin Street","San Francisco","CA",""
"2078810884","1840 Haight Street","San Francisco","CA",""
"826017948","201 Franklin Street","San Francisco","CA",""
"1002839764","1535 Commercial Way","Santa Cruz","CA",""
"1439874346","101 6th Street","San Francisco","CA",""
"2021730900","14831 Pierce Road","Saratoga","CA",""
"1241556794","15400 Montalvo Road","Saratoga","CA",""
"1386365370","1355 Bush Street","San Francisco","CA",""
"269944746","23 Petaluma Boulevard North","Petaluma","CA",""
"1557090037","406 Clement Street","San Francisco","CA",""
"442432003","1743 San Pablo Avenue","Oakland","CA",""
"513710571","2169 Mission Street","San Francisco","CA",""
"1645166229","5653 San Pablo Avenue","Oakland","CA",""
"1657529229","577 5th Street","Oakland","CA",""
"246147025","460 Capistrano Road","Half Moon Bay","CA",""
"1090707904","1268 McKinstry Street","Napa","CA",""
"390079947","3301 Lyon Street","San Francisco","CA",""
"1275253527","2025 Broadway","Oakland","CA",""
"485759302","1600 17th Street","San Francisco","CA",""
"1185666454","552 Haight Street","San Francisco","CA",""
"598854079","29 Broadway Boulevard","Fairfax","CA",""
"1810219236","601 Eddy Street","San Francisco","CA",""
"1375571612","201 Washington Street","Petaluma","CA",""
"1282095081","116 Clement Street","San Francisco","CA",""
"1918643887","1900 Stenmark Drive","Richmond","CA",""
"1258312646","90 West Pozo Road","Santa Margarita","CA",""
"1990731403","150 Frank H. Ogawa Plaza","Oakland","CA",""
"755151683","161 Erie Street","San Francisco","CA",""
"1655849135","1109 Valencia Street","San Francisco","CA",""
"62283194","2401 Telegraph Avenue","Berkeley","CA",""
"427667661","1695 Polk Street","San Francisco","CA",""
"2133080253","1300 Van Ness Avenue","San Francisco","CA",""
"1663255521","2112 North Main Street","Walnut Creek","CA",""
"31041890","155 Fell Street","San Francisco","CA",""
"2141325231","1205 Soquel Avenue","Santa Cruz","CA",""
"2113527323","2099 Folsom Street","San Francisco","CA",""
"1253820046","400 South 1st Street","San Jose","CA",""
"1135677119","30 North 3rd Street","San Jose","CA",""
"1428948079","1346 Saratoga Drive","San Mateo","CA",""
"1927224070","476 1st Street East","Sonoma","CA",""
"386050308","420 First Street","Santa Rosa","CA",""
"1381824618","525 West Santa Clara Street","San Jose","CA",""
"1739693421","1 Amphitheatre Parkway","Mountain View","CA",""
"1572625358","1600 Atlas Peak Road","Napa","CA",""
"549325977","1270 Sutter Street","San Francisco","CA",""
"228173384","900 Fairgrounds Drive","Vallejo","CA",""
"854469226","825 Athens Avenue","Oakland","CA",""
"423857938","3101 Shattuck Avenue","Berkeley","CA",""
"1422247605","2232 Martin Luther King Jr. Way","Oakland","CA",""
"1217828948","2635 San Pablo Avenue","Oakland","CA",""
"873142532","2330 Telegraph Avenue","Oakland","CA",""
"1180284286","703 Pacific Avenue","Santa Cruz","CA",""
"647735412","19 Corte Madera Avenue","Mill Valley","CA",""
"1896275571","1501 Harrison Street","Oakland","CA",""
"740798689","100 Yacht Club Drive","San Rafael","CA",""
"735357859","3422 Mission Street","San Francisco","CA",""
"92252189","627 2nd Avenue","Crockett","CA",""
"1327234872","1337 Grant Avenue","San Francisco","CA",""
"1531618194","982 Market Street","San Francisco","CA",""
"598126717","6551 Telegraph Avenue","Oakland","CA",""
"170296881","1522 Francisco Boulevard","Pacifica","CA",""
"631577836","275 South Washington Street","Sonora","CA",""
"2093769319","2036 University Avenue","Berkeley","CA",""
"1711400117","1350 Third Street","Napa","CA",""
"864185171","140 Encinal Street","Santa Cruz","CA",""
"1019665867","336 Georgia Street","Vallejo","CA",""
"415372741","2424 Mariposa Street","San Francisco","CA",""
"1850130272","846 Front Street","Santa Cruz","CA",""
"321779358","2328 San Pablo Avenue","Oakland","CA",""
"216332997","3800 Mill Road","Paso Robles","CA",""
"872047208","201 Broadway","Oakland","CA",""
"174354249","510 Embarcadero West","Oakland","CA",""
"1183655994","199 Valencia Street","San Francisco","CA",""
"1740241181","240 Front Street","San Francisco","CA",""
"2128628460","3130 24th Street","San Francisco","CA",""
"1887679738","7000 Coliseum Way","Oakland","CA",""
"1682611483","496 14th Street","San Francisco","CA",""
"500917824","100 Mesa Road","Bolinas","CA",""
"700079780","229 Water Street","Petaluma","CA",""
"1720239941","178 Leland Avenue","San Francisco","CA",""
"1080825327","1011 Pacific Avenue","Santa Cruz","CA",""
"2063568438","1933 Davis Street","San Leandro","CA",""
"779096257","120 5th Street","Santa Rosa","CA",""
"486753773","239 San Rafael Avenue","San Rafael","CA",""
"648572129","1 Taylor Street","San Francisco","CA",""
"1141446017","125 North Livermore Avenue","Livermore","CA",""
"474218142","2001 Gayley Road","Berkeley","CA",""
"940678917","10 10th Street","Oakland","CA",""
"1868963076","1 Jones Street","San Francisco","CA",""
"1960158119","27826 Mission Boulevard","Hayward","CA",""
"361387977","1339 North 1st Street","San Jose","CA",""
"1121690827","1899 9th Street","Oakland","CA",""
"1419356603","443 Broadway","San Francisco","CA",""
"1745359648","609 Sutter Street, 2nd Floor","San Francisco","CA",""
"2011645013","1233 Polk Street","San Francisco","CA",""
"374820780","215 East 4th Avenue","San Mateo","CA",""
"1498339130","3612 Webster Street","Oakland","CA",""
"564335400","10 Cargo Way","San Francisco","CA",""
"1871216664","38 South Second Street","San Jose","CA",""
"1310486709","1 West Orange Avenue","South San Francisco","CA",""
"168996922","875 Rincon Avenue","Livermore","CA",""
"369795101","351 Railroad Avenue","Pittsburg","CA",""
"581867015","1010 Petaluma Boulevard North","Petaluma","CA",""
"1241927296","1610 7th Street","Oakland","CA",""
"209865609","86 2nd Street","San Francisco","CA",""
"1804000273","2650 Broadway","Redwood City","CA",""
"1065848862","2271 Shattuck Avenue","Berkeley","CA",""
"851634690","295 Day Street","San Francisco","CA",""
"748733908","1680 Washington Avenue","San Leandro","CA",""
"1230421436","2 Theater Square","Orinda","CA",""
"564779164","3437 Haven Street","Oakland","CA",""
"1243828408","3199 Fillmore Street","San Francisco","CA",""
"1699354866","2700 Barbers Point Road","Alameda","CA",""
"1539515319","327 Lasuen Street","Stanford","CA",""
"1614652189","2781 24th Street","San Francisco","CA",""
"405754367","20 Pimentel Court","Novato","CA",""
"1733030352","1736 Franklin Street","Oakland","CA",""
"779020287","371 O'Connor Street","Menlo Park","CA",""
"393699117","4251 MacArthur Boulevard","Oakland","CA",""
"1912559","206 Broadway","Oakland","CA",""
"183693907","230 Petaluma Avenue","Sebastopol","CA",""
"1697256819","3105 Shattuck Avenue","Berkeley","CA",""
"2087584222","3645 San Pablo Avenue","Emeryville","CA",""
"1625417326","201 Octavia Boulevard","San Francisco","CA",""
"1082111394","860 Willow Street,","San Jose","CA",""
"139826169","1750 Sacramento Street","Berkeley","CA",""
"562689079","518 South 11th Street","Richmond","CA",""
"622407558","8240 Old Redwood Highway","Cotati","CA",""
"112600851","567 5th Street","Oakland","CA",""
"85503897","2647 Durant Avenue","Berkeley","CA",""
"75637003","2045 Mount Diablo Street","Concord","CA",""
"881479351","429 Castro Street","San Francisco","CA",""
"584051763","1630 J Street","Sacramento","CA",""
"1902290222","1192 Market Street","San Francisco","CA",""
"2145099318","3482 Loma Vista Avenue","Oakland","CA",""
"1187935127","2317 Central Avenue","Alameda","CA",""
"1255375338","1658 12th Street","Oakland","CA",""
"355618120","1824 West San Carlos Street","San Jose","CA",""
"360529898","413 Haight Street","San Francisco","CA",""
"1389315022","2601 Mariposa Street","San Francisco","CA",""
"1446728831","270 Rianda Street","Salinas","CA",""
"1763173665","439 First Street","Benicia","CA",""
"595196916","2230 Livingston Street","Oakland","CA",""
"1003407314","1940 Taraval Street","San Francisco","CA",""
"1367690567","1 Old Rancheria Road","Nicasio","CA",""
"31156335","511 48th Street","Oakland","CA",""
"879738797","5891 San Pablo Avenue","Oakland","CA",""
"1169427229","1035 22nd Avenue,","Oakland","CA",""
"1957795861","128 American Alley","Petaluma","CA",""
"1697837308","222 Mason Street","San Francisco","CA",""
"1274279930","1035 Texas Street","Fairfield","CA",""
"487816665","1491 Hope Street","Alviso","CA",""
"1034390208","600 Broadway","Vallejo","CA",""
"115632481","1231 9th Avenue","San Francisco","CA",""
"45837167","204 Sycamore Valley Road West","Danville","CA",""
"804038598","2209 Broadway Street","Redwood City","CA",""
"1485757142","1340 5th Street","Berkeley","CA",""
"1588350147","10550 Albion Road","San Ramon","CA",""
"1547203889","10341 San Pablo Avenue","El Cerrito","CA",""
"2089821524","912 Gilman Street","Berkeley","CA",""
"971270129","1601 Civic Drive","Walnut Creek","CA",""
"988266275","25 North Street","Healdsburg","CA",""
"568422652","10 Avenue of the Flags","San Rafael","CA",""
"222096883","312 Harriet Street","San Francisco","CA",""
"134509849","1974 Shattuck Avenue","Berkeley","CA",""
"86221432","119 Madrone Street","Santa Cruz","CA",""
"1406070469","4900 Marie P. DeBartolo Way","Santa Clara","CA",""
"1274037551","2000 Kirker Pass Road","Concord","CA",""
"1237996847","1015 Folsom Street","San Francisco","CA",""
"1838937815","1100 Valley House Drive","Rohnert Park","CA",""
"678550912","28 South 7th Street","San Jose","CA",""
"1327146532","7495 Stage Road","San Gregorio","CA",""
"945952968","344 12th Street","Oakland","CA",""
"72150299","344 12th Street, above Tay Ho","Oakland","CA",""
"1410720824","575 3rd Street","Napa","CA",""
"1049518242","1557 Healdsburg Avenue","Healdsburg","CA",""
"367044423","1229 Court Street","Martinez","CA",""
"1915521169","600 Homer Avenue","Palo Alto","CA",""
"181456851","890 Belle Avenue","San Rafael","CA",""
"1327740859","7948 Yosemite Boulevard","Modesto","CA",""
"896198252","620 South Norfolk Street","San Mateo","CA",""
"1917599447","447 South First Street","San Jose","CA",""
"1147256587","101 Paseo de San Antonio","San Jose","CA",""
"1769347402","326 Brannan Street","San Francisco","CA",""
"76452734","226 Shoreline Highway","Mill Valley","CA",""
"825183386","1015 Walnut Avenue","Vallejo","CA",""
"1710454576","995 Market Street, 6th Floor","San Francisco","CA",""
"60834384","425 Seventh Street","Santa Rosa","CA",""
"1215370269","1010 South Wolfe Road","Sunnyvale","CA",""
"968700038","428 3rd Street","San Francisco","CA",""
"1159871074","988 Market Street,","San Francisco","CA",""
"1190835917","1220 4th Street","Berkeley","CA",""
"122639215","307 Church Street","Santa Cruz","CA",""
"902621698","915 Oakville Cross Road","Oakville","CA",""
"2001765841","41 Wharf Road","Bolinas","CA",""
"816267139","625 Nelson Road","Stanford","CA",""
"1817412579","395 South Van Ness Avenue","San Francisco","CA",""
"2124628181","43737 Boscell Road","Fremont","CA",""
"95939520","3137 Adeline Street","Oakland","CA",""
"2115869685","5000 Roberts Lake Road","Rohnert Park","CA",""
"413331686","190 Lenox Way","San Francisco","CA",""
"188856204","17533 Santa Cruz Highway","Los Gatos","CA",""
"217949417","24 Willie Mays Plaza","San Francisco","CA",""
"2075126408","1435 Webster Street","Alameda","CA",""
"623175657","358 Brannan Street","San Francisco","CA",""
"815443139","350 Georgia Street","Vallejo","CA",""
"1392713409","5327 Jacuzzi Street","Richmond","CA",""
"392447539","1214 Apollo Way","Sunnyvale","CA",""
"1174541933","2 Pillar Point Harbor Boulevard","Half Moon Bay","CA",""
"1765671950","221 Washington Street","Oakland","CA",""
"492088316","13740 Arnold Drive","Glen Ellen","CA",""
"1812657801","100 Ruins Court","American Canyon","CA",""
"289243276","518 Valencia Street","San Francisco","CA",""
"1583501852","180 Woz Way","San Jose","CA",""
"242508849","428 Waller Street","San Francisco","CA",""
"1937523578","3359 26th Street","San Francisco","CA",""
"745745800","1509 Solano Avenue","Vallejo","CA",""
"336166085","1129 Sebastopol Road","Santa Rosa","CA",""
"733225744","2042 Mount Diablo Boulevard","Walnut Creek","CA",""
"157991490","3117 16th Street","San Francisco","CA",""
"697988159","1801 Green Street","San Francisco","CA",""
"1299863522","3565 20th Street","San Francisco","CA",""
"1732604937","319 Lexington Street","San Francisco","CA",""
"626006669","2512 Mission Street","San Francisco","CA",""
"664660939","3115 22nd Street","San Francisco","CA",""
"1950476525","544 Capp Street","San Francisco","CA",""
"135789758","503 B Street","Point Reyes Station","CA",""
"756094939","3542 24th Street","San Francisco","CA",""
"327602376","951 Valencia Street","San Francisco","CA",""
"1584439587","2134 Olivet Road","Santa Rosa","CA",""
"978018774","1169 Valencia Street","San Francisco","CA",""
"724689189","990 Valencia Street","San Francisco","CA",""
"1055458173","3349 23rd Street","San Francisco","CA",""
"410740649","3464 19th Street","San Francisco","CA",""
"621911290","180 Camino Alto","Mill Valley","CA",""
"1199992168","224 Vintage Way","Novato","CA",""
"761666194","1200 Park Street","Alameda","CA",""
"357511832","1401 Macdonald Avenue","Richmond","CA",""
"545895587","2925 Woodside Road","Woodside","CA",""
"1806612737","1232 Grant Avenue","San Francisco","CA",""
"1827901318","100 Gregory Lane","Pleasant Hill","CA",""
"2132930386","1970 Chestnut Street","Berkeley","CA",""
"125036029","425 Mission Street","San Francisco","CA",""
"1517149099","1200 Athens Avenue","Lincoln","CA",""
"1350182346","499 Embarcadero West","Oakland","CA",""
"655578766","175 Fairgrounds Drive","Petaluma","CA",""
"681839466","634 San Anselmo Avenue","San Anselmo","CA",""
"1400383054","1314 Ocean Avenue","San Francisco","CA",""
"1796106085","11201 Highway 1","Point Reyes Station","CA",""
"909463411","14540 Canyon 2 Road","Rio Nido","CA",""
"687835040","100 Gateway Boulevard","Orinda","CA",""
"1664632966","2790 Santa Rosa Avenue","Santa Rosa","CA",""
"2124529002","333 Post Street","San Francisco","CA",""
"1367443519","22737 Main Street","Hayward","CA",""
"894444233","1 Garden Way","Woodacre","CA",""
"50762562","708 Railroad Avenue","Winters","CA",""
"1072765563","905 Tennessee Street","Vallejo","CA",""
"1269742592","636 Jackson Street","San Francisco","CA",""
"1572399683","3901 Noriega Street","San Francisco","CA",""
"595294036","1 Ferry Building","San Francisco","CA",""
"1730214750","950 Pomona Avenue","El Cerrito","CA",""
"1206249551","435 Broadway","San Francisco","CA",""
"192152317","10 Geary Street","San Francisco","CA",""
"413979258","498 Broadway","San Francisco","CA",""
"1270795673","151 Third Street","San Francisco","CA",""
"1168810431","200 Warm Springs Road","Kenwood","CA",""
"2042019123","150 Felker Street,","Santa Cruz","CA",""
"1791753994","445 Geary Street","San Francisco","CA",""
"797279152","2367 Telegraph Avenue","Berkeley","CA",""
"1167496603","315 Montford Avenue","Mill Valley","CA",""
"165412478","575 Third Street","Napa","CA",""
"1660756928","3022 Broadway","Oakland","CA",""
"892740079","751 West San Carlos Street","San Jose","CA",""
"1942328111","3124 Shattuck Avenue","Berkeley","CA",""
"1186573856","540 South 1st Street","San Jose","CA",""
"1411317987","616 E Street","Union City","CA",""
"697893890","138 Fern Street","Santa Cruz","CA",""
"478586995","8201 Old Redwood Highway","Cotati","CA",""
"1979676890","525 San Anselmo Avenue","San Anselmo","CA",""
"798180248","1300 8th Street","Alameda","CA",""
"700307194","5716 Genoa Street","Oakland","CA",""
"1602380134","100 South Sacramento Street","Lodi","CA",""
"527022144","401 Mason Street","San Francisco","CA",""
"653703997","838 Geary Street","San Francisco","CA",""
"1384743074","100 Larkin Street","San Francisco","CA",""
"1654049206","140 Second Street","Petaluma","CA",""
"912425084","431 Georgia Street","Vallejo","CA",""
"2073345895","663 South 9th Street","San Jose","CA",""
"2001321933","460 Lincoln Avenue","San Jose","CA",""
"894079874","2523 Broadway","Oakland","CA",""
"1123039647","2305 South White Road","San Jose","CA",""
"1168861476","508 Woodland Way","Santa Cruz","CA",""
"1187845636","3425 Balboa Street","San Francisco","CA",""
"1616660773","2400 Filbert Street","Oakland","CA",""
"1839724360","1220 Linda Mar Boulevard","Pacifica","CA",""
"1899550573","99 Moraga Avenue","San Francisco","CA",""
"91824912","246 Kearny Street","San Francisco","CA",""
"775368371","13650 Saratoga Avenue","Saratoga","CA",""
"1958317139","401A Georgia Street","Vallejo","CA",""
"358459691","1984 Bonita Avenue","Berkeley","CA",""
"1217383003","3273 South White Road","San Jose","CA",""
"1885324526","13 Pacific Avenue","Rodeo","CA",""
"1584639341","575 Ross Street","Santa Rosa","CA",""
"624684535","24176 Mission Boulevard","Hayward","CA",""
"973723977","155 South River Street","Santa Cruz","CA",""
"1891659404","2708 Channing Way","Berkeley","CA",""
"367184186","8790 La Honda Road","La Honda","CA",""
"747832776","3334 Industrial Drive","Santa Rosa","CA",""
"1075478617","701 Amador Street","San Francisco","CA",""
"1735735149","224 B Street","Petaluma","CA",""
"552601815","19950 Wright Drive","Los Gatos","CA",""
"210680279","995 Piner Road","Santa Rosa","CA",""
"1715701439","1 The Plaza","Sonoma","CA",""
"326664506","2130 Fulton Street","San Francisco","CA",""
"1472125422","1 Castro Street","Forest Knolls","CA",""
"735578676","1000 El Camino Real","Atherton","CA",""
"321104510","3901 Montgomery Drive","Santa Rosa","CA",""
"450920379","3278 Adeline Street","Berkeley","CA",""
"1613700430","470 Parker Avenue","Rodeo","CA",""
"1390493234","149 Peyton Street","Santa Cruz","CA",""
"1852858383","924 Gilman Street; 912 Gilman Street","Berkeley","CA",""
"1829915689","1345 Bush Street","San Francisco","CA",""
"855121402","19 Broadway","Fairfax","CA",""
"1699183410","3920 Geary Boulevard","San Francisco","CA",""
"2046948382","6210 Bethel Island Road","Bethel Island","CA",""
"60101400","301 Petaluma Boulevard North","Petaluma","CA",""
